,Val1,Val2,Val3,VTUNE12,fpeak,gain,fimg,img
0,1.7,26.7,5.7,2.2,429000000,12.224682099418,329000000,85.050030067077
1,1.7,26.7,5.7,2.3,432000000,12.019224789369,332000000,82.278991808869
2,1.7,26.7,5.7,2.4,435000000,11.80485393914,335000000,79.843853829727
3,1.7,26.7,5.7,2.5,438000000,11.580510319364,338000000,77.667387618957
4,1.7,26.7,5.7,2.6,441000000,11.344949899906,341000000,75.695118322003
6,1.7,26.7,5.82,2.2,428000000,12.318050246398,328000000,83.010564194052
7,1.7,26.7,5.82,2.3,431000000,12.111221500159,331000000,80.511514134781
8,1.7,26.7,5.82,2.4,434000000,11.896250809732,334000000,78.285095584327
9,1.7,26.7,5.82,2.5,437000000,11.672078412763,337000000,76.273256024354
10,1.7,26.7,5.82,2.6,440000000,11.437444243826,340000000,74.433819770241
12,1.7,26.7,5.94,2.2,428000000,12.413141369127,328000000,83.108589401505
13,1.7,26.7,5.94,2.3,431000000,12.202527014095,331000000,80.606394047069
14,1.7,26.7,5.94,2.4,434000000,11.98155226378,334000000,78.374584338784
15,1.7,26.7,5.94,2.5,436000000,11.757255748201,336000000,75.046527840693
16,1.7,26.7,5.94,2.6,439000000,11.523583506193,339000000,73.316610671836
18,1.7,26.7,6.06,2.2,427000000,12.515825011752,327000000,81.385317645054
19,1.7,26.7,6.06,2.3,430000000,12.303923484118,330000000,79.095834482577
20,1.7,26.7,6.06,2.4,433000000,12.082332952325,333000000,77.030611401726
21,1.7,26.7,6.06,2.5,436000000,11.850292196259,336000000,75.145030247404
22,1.7,26.7,6.06,2.6,439000000,11.606801763785,339000000,73.405850610625
24,1.7,26.7,6.18,2.2,426000000,12.616223559944,326000000,79.901392363883
25,1.7,26.7,6.18,2.3,429000000,12.402644738322,329000000,77.78156305866
26,1.7,26.7,6.18,2.4,432000000,12.180149866103,332000000,75.851605149782
27,1.7,26.7,6.18,2.5,435000000,11.947995239107,335000000,74.076178377192
28,1.7,26.7,6.18,2.6,438000000,11.705180468364,338000000,72.42832283383
30,1.7,26.7,6.3,2.2,425000000,12.712531196134,325000000,78.608415563773
31,1.7,26.7,6.3,2.3,428000000,12.496783136566,328000000,76.626252106724
32,1.7,26.7,6.3,2.4,431000000,12.273022181896,331000000,74.807769540542
33,1.7,26.7,6.3,2.5,434000000,12.040520036673,334000000,73.124357910214
34,1.7,26.7,6.3,2.6,437000000,11.798271366135,337000000,71.553718881464
36,1.7,26.82,5.7,2.2,428000000,12.36235468582,328000000,83.747469770754
37,1.7,26.82,5.7,2.3,431000000,12.158271484674,331000000,81.182514574753
38,1.7,26.82,5.7,2.4,434000000,11.945561070002,334000000,78.904129678942
39,1.7,26.82,5.7,2.5,437000000,11.723109718707,337000000,76.850255101853
40,1.7,26.82,5.7,2.6,440000000,11.489621115278,340000000,74.976043579602
42,1.7,26.82,5.82,2.2,427000000,12.455862650735,327000000,81.931157403335
43,1.7,26.82,5.82,2.3,430000000,12.250412108961,330000000,79.59243623447
44,1.7,26.82,5.82,2.4,433000000,12.037124596743,333000000,77.490688627736
45,1.7,26.82,5.82,2.5,436000000,11.814881416597,336000000,75.578147310883
46,1.7,26.82,5.82,2.6,439000000,11.582366612899,339000000,73.819346828377
48,1.7,26.82,5.94,2.2,427000000,12.552078691154,327000000,82.030533881293
49,1.7,26.82,5.94,2.3,430000000,12.341232397169,330000000,79.687051458872
50,1.7,26.82,5.94,2.4,432000000,12.122107752062,332000000,76.248282534468
51,1.7,26.82,5.94,2.5,435000000,11.900064901065,335000000,74.452053520228
52,1.7,26.82,5.94,2.6,438000000,11.668607227122,338000000,72.789560976253
54,1.7,26.82,6.06,2.2,426000000,12.656438175058,326000000,80.483048373996
55,1.7,26.82,6.06,2.3,429000000,12.444269975984,329000000,78.319650834459
56,1.7,26.82,6.06,2.4,432000000,12.222734784376,332000000,76.354005919841
57,1.7,26.82,6.06,2.5,435000000,11.991012929456,335000000,74.548674131301
58,1.7,26.82,6.06,2.6,438000000,11.748051899454,338000000,72.87522866684
60,1.7,26.82,6.18,2.2,425000000,12.758379802842,325000000,79.139869266159
61,1.7,26.82,6.18,2.3,428000000,12.54451960938,328000000,77.122254275574
62,1.7,26.82,6.18,2.4,431000000,12.322093290936,331000000,75.274309136608
63,1.7,26.82,6.18,2.5,434000000,12.090291976678,334000000,73.565841158962
64,1.7,26.82,6.18,2.6,437000000,11.848055661946,337000000,71.973425621278
66,1.7,26.82,6.3,2.2,424000000,12.855809790348,324000000,77.961623902781
67,1.7,26.82,6.3,2.3,427000000,12.639785804149,327000000,76.063768819459
68,1.7,26.82,6.3,2.4,430000000,12.41614062481,330000000,74.313873374937
69,1.7,26.82,6.3,2.5,433000000,12.184072981242,333000000,72.687110482228
70,1.7,26.82,6.3,2.6,436000000,11.942509855001,336000000,71.163833449369
72,1.7,26.94,5.7,2.2,427000000,12.50045356017,327000000,82.638708700549
73,1.7,26.94,5.7,2.3,430000000,12.297668145247,330000000,80.23927946501
74,1.7,26.94,5.7,2.4,433000000,12.08651269648,333000000,78.089299682357
75,1.7,26.94,5.7,2.5,436000000,11.865816289766,336000000,76.137463946556
76,1.7,26.94,5.7,2.6,439000000,11.634229091668,339000000,74.345927483746
78,1.7,26.94,5.82,2.2,426000000,12.594075953874,326000000,81.002005539196
79,1.7,26.94,5.82,2.3,429000000,12.389942582831,329000000,78.794922119811
80,1.7,26.94,5.82,2.4,432000000,12.178251597602,332000000,76.797265992133
81,1.7,26.94,5.82,2.5,435000000,11.95782149724,335000000,74.968755947161
82,1.7,26.94,5.82,2.6,438000000,11.727277708421,338000000,73.278933162793
84,1.7,26.94,5.94,2.2,426000000,12.69316357329,326000000,81.104482550343
85,1.7,26.94,5.94,2.3,429000000,12.481890016664,329000000,78.890887679829
86,1.7,26.94,5.94,2.4,431000000,12.263039340032,331000000,75.654910818847
87,1.7,26.94,5.94,2.5,434000000,12.042917031867,334000000,73.929033811517
88,1.7,26.94,5.94,2.6,437000000,11.813557396162,337000000,72.324960090745
90,1.7,26.94,6.06,2.2,425000000,12.799331921763,325000000,79.702040113165
91,1.7,26.94,6.06,2.3,428000000,12.586709301278,328000000,77.643730509431
92,1.7,26.94,6.06,2.4,431000000,12.365016865436,331000000,75.762199379046
93,1.7,26.94,6.06,2.5,434000000,12.133372438598,334000000,74.025371103113
94,1.7,26.94,6.06,2.6,436000000,11.890685148509,336000000,71.464626472871
96,1.7,26.94,6.18,2.2,424000000,12.902809810111,324000000,78.477097513133
97,1.7,26.94,6.18,2.3,427000000,12.688492850351,327000000,76.546002175214
98,1.7,26.94,6.18,2.4,430000000,12.465940977548,330000000,74.768261902541
99,1.7,26.94,6.18,2.5,433000000,12.234274598392,333000000,73.11761944073
100,1.7,26.94,6.18,2.6,436000000,11.992369426188,336000000,71.573405642824
102,1.7,26.94,6.3,2.2,423000000,13.001149755585,323000000,77.39654790738
103,1.7,26.94,6.3,2.3,426000000,12.784692840293,326000000,75.571002680735
104,1.7,26.94,6.3,2.4,429000000,12.560996481911,329000000,73.880503908292
105,1.7,26.94,6.3,2.5,432000000,12.329179207542,332000000,72.303173046737
106,1.7,26.94,6.3,2.6,435000000,12.088093620439,335000000,70.821463829819
108,1.7,27.06,5.7,2.2,426000000,12.639142006511,326000000,81.681898981776
109,1.7,27.06,5.7,2.3,429000000,12.437619846019,329000000,79.41889834676
110,1.7,27.06,5.7,2.4,432000000,12.227954473758,332000000,77.376479498805
111,1.7,27.06,5.7,2.5,435000000,12.008913895656,335000000,75.511235887999
112,1.7,27.06,5.7,2.6,438000000,11.779092144207,338000000,73.790589260445
114,1.7,27.06,5.82,2.2,425000000,12.732773216282,325000000,80.193428437487
115,1.7,27.06,5.82,2.3,428000000,12.529944378878,328000000,78.096858488674
116,1.7,27.06,5.82,2.4,431000000,12.319811451725,331000000,76.187798558479
117,1.7,27.06,5.82,2.5,434000000,12.101124993658,334000000,74.431601839419
118,1.7,27.06,5.82,2.6,437000000,11.872447582807,337000000,72.801658553477
120,1.7,27.06,5.94,2.2,425000000,12.836752706665,325000000,80.301028800668
121,1.7,27.06,5.94,2.3,428000000,12.624885228615,328000000,78.196043233107
122,1.7,27.06,5.94,2.4,430000000,12.404180705104,330000000,75.131566094007
123,1.7,27.06,5.94,2.5,433000000,12.185949135177,333000000,73.466988442412
124,1.7,27.06,5.94,2.6,436000000,11.958626016672,336000000,71.914201462354
126,1.7,27.06,6.06,2.2,424000000,12.944798955391,324000000,79.020924128613
127,1.7,27.06,6.06,2.3,427000000,12.731569159274,327000000,77.051814563302
128,1.7,27.06,6.06,2.4,430000000,12.50954176212,330000000,75.2424554271
129,1.7,27.06,6.06,2.5,433000000,12.277766657054,333000000,73.564899758987
130,1.7,27.06,6.06,2.6,436000000,12.035075174355,336000000,71.997284416053
132,1.7,27.06,6.18,2.2,423000000,13.049701289743,323000000,77.89709162237
133,1.7,27.06,6.18,2.3,426000000,12.834795288429,326000000,76.040383781851
134,1.7,27.06,6.18,2.4,429000000,12.61196820237,329000000,74.323562532032
135,1.7,27.06,6.18,2.5,432000000,12.380262555396,332000000,72.723456340219
136,1.7,27.06,6.18,2.6,435000000,12.138483344797,335000000,71.221591088629
138,1.7,27.06,6.3,2.2,422000000,13.148578311813,322000000,76.900858914398
139,1.7,27.06,6.3,2.3,425000000,12.931584906558,325000000,75.138182897062
140,1.7,27.06,6.3,2.4,428000000,12.707727048731,328000000,73.499748672629
141,1.7,27.06,6.3,2.5,431000000,12.476033978385,331000000,71.966024457391
142,1.7,27.06,6.3,2.6,434000000,12.235275175671,334000000,70.521157033012
144,1.7,27.18,5.7,2.2,425000000,12.778514364204,325000000,80.847288117977
145,1.7,27.18,5.7,2.3,428000000,12.578272181711,328000000,78.699223909044
146,1.7,27.18,5.7,2.4,431000000,12.370082378719,331000000,76.748628860152
147,1.7,27.18,5.7,2.5,434000000,12.15264669837,334000000,74.958093576476
148,1.7,27.18,5.7,2.6,437000000,11.924498880445,337000000,73.299119816584
150,1.7,27.18,5.82,2.2,424000000,12.871940687132,324000000,79.483696546045
151,1.7,27.18,5.82,2.3,427000000,12.67046333114,327000000,77.48167311222
152,1.7,27.18,5.82,2.4,430000000,12.461909882642,330000000,75.649275350773
153,1.7,27.18,5.82,2.5,433000000,12.244956366584,333000000,73.956222685317
154,1.7,27.18,5.82,2.6,436000000,12.018096580004,336000000,72.378940538064
156,1.7,27.18,5.94,2.2,424000000,12.983160021519,324000000,79.598770687169
157,1.7,27.18,5.94,2.3,427000000,12.770568969593,327000000,77.586250919207
158,1.7,27.18,5.94,2.4,430000000,12.548657574173,330000000,75.741085781741
159,1.7,27.18,5.94,2.5,432000000,12.329206838472,332000000,73.057580889928
160,1.7,27.18,5.94,2.6,435000000,12.103928479074,335000000,71.550364941148
162,1.7,27.18,6.06,2.2,423000000,13.09306061723,323000000,78.423712607039
163,1.7,27.18,6.06,2.3,426000000,12.87911636186,326000000,76.531495174179
164,1.7,27.18,6.06,2.4,429000000,12.656622014769,329000000,74.784898778424
165,1.7,27.18,6.06,2.5,432000000,12.424552488071,332000000,73.159234781535
166,1.7,27.18,6.06,2.6,435000000,12.181672735922,335000000,71.634952295699
168,1.7,27.18,6.18,2.2,422000000,13.19913114922,322000000,77.38754849618
169,1.7,27.18,6.18,2.3,425000000,12.983560083213,325000000,75.595666891152
170,1.7,27.18,6.18,2.4,428000000,12.760366351915,328000000,73.932345080298
171,1.7,27.18,6.18,2.5,431000000,12.528505528603,331000000,72.376881597891
172,1.7,27.18,6.18,2.6,434000000,12.286703387074,334000000,70.912581513735
174,1.7,27.18,6.3,2.2,421000000,13.297958831038,321000000,76.464771211037
175,1.7,27.18,6.3,2.3,424000000,13.080395185,324000000,74.757425087677
176,1.7,27.18,6.3,2.4,427000000,12.856339464298,327000000,73.165139760079
177,1.7,27.18,6.3,2.5,430000000,12.624720338411,330000000,71.670282314067
178,1.7,27.18,6.3,2.6,433000000,12.384213009871,333000000,70.258382217095
180,1.7,27.3,5.7,2.2,424000000,12.918570411791,324000000,80.113079759705
181,1.7,27.3,5.7,2.3,427000000,12.719688034335,327000000,78.063653805745
182,1.7,27.3,5.7,2.4,430000000,12.513021962567,330000000,76.192729005151
183,1.7,27.3,5.7,2.5,433000000,12.297200949152,333000000,74.467580790513
184,1.7,27.3,5.7,2.6,436000000,12.070692521374,336000000,72.862951305047
186,1.7,27.3,5.82,2.2,424000000,13.018979618558,324000000,80.216874201197
187,1.7,27.3,5.82,2.3,426000000,12.811429637961,326000000,76.936590500164
188,1.7,27.3,5.82,2.4,429000000,12.60455157546,329000000,75.171495132587
189,1.7,27.3,5.82,2.5,432000000,12.38939407021,332000000,73.534304677203
190,1.7,27.3,5.82,2.6,435000000,12.164374244311,335000000,72.003888143463
192,1.7,27.3,5.94,2.2,423000000,13.13263301221,323000000,78.981693922822
193,1.7,27.3,5.94,2.3,426000000,12.919236853067,326000000,77.049100590247
194,1.7,27.3,5.94,2.4,429000000,12.69670286635,329000000,75.268934414435
195,1.7,27.3,5.94,2.5,431000000,12.472612890285,331000000,72.694007569597
196,1.7,27.3,5.94,2.6,434000000,12.249475606253,334000000,71.227752156873
198,1.7,27.3,6.06,2.2,422000000,13.244234519935,322000000,77.898108077419
199,1.7,27.3,6.06,2.3,425000000,13.029527867539,325000000,76.073063112413
200,1.7,27.3,6.06,2.4,428000000,12.806494643938,328000000,74.381697087076
201,1.7,27.3,6.06,2.5,431000000,12.574025786089,331000000,72.80194562239
202,1.7,27.3,6.06,2.6,434000000,12.330811675187,334000000,71.316143141557
204,1.7,27.3,6.18,2.2,421000000,13.351021873605,321000000,76.938717761208
205,1.7,27.3,6.18,2.3,424000000,13.134783228771,324000000,75.204015842663
206,1.7,27.3,6.18,2.4,427000000,12.91120767375,327000000,73.588198754716
207,1.7,27.3,6.18,2.5,430000000,12.679152484929,330000000,72.072574681549
208,1.7,27.3,6.18,2.6,433000000,12.437253242939,333000000,70.641909818379
210,1.7,27.3,6.3,2.2,420000000,13.448933262592,320000000,76.080254638923
211,1.7,27.3,6.3,2.3,423000000,13.230856698039,323000000,74.422159196648
212,1.7,27.3,6.3,2.4,426000000,13.006663102324,326000000,72.871223590001
213,1.7,27.3,6.3,2.5,429000000,12.77516669651,329000000,71.411370124737
214,1.7,27.3,6.3,2.6,432000000,12.534934405047,332000000,70.029267237787
216,1.82,26.7,5.7,2.2,429000000,12.154697948005,329000000,84.880454946845
217,1.82,26.7,5.7,2.3,432000000,11.949079301616,332000000,82.110845051015
218,1.82,26.7,5.7,2.4,435000000,11.734423068616,335000000,79.677251380859
219,1.82,26.7,5.7,2.5,438000000,11.509674018514,338000000,77.502450630197
220,1.82,26.7,5.7,2.6,441000000,11.273592020607,341000000,75.531970884729
222,1.82,26.7,5.82,2.2,428000000,12.249388781651,328000000,82.841425901365
223,1.82,26.7,5.82,2.3,431000000,12.042393601237,331000000,80.343655971793
224,1.82,26.7,5.82,2.4,434000000,11.827132025303,334000000,78.118633502376
225,1.82,26.7,5.82,2.5,437000000,11.602547950601,337000000,76.108311979848
226,1.82,26.7,5.82,2.6,440000000,11.367384758579,340000000,74.270519398085
228,1.82,26.7,5.94,2.2,428000000,12.342501146119,328000000,82.93747234783
229,1.82,26.7,5.94,2.3,431000000,12.131797156396,331000000,80.436633921903
230,1.82,26.7,5.94,2.4,433000000,11.913559626555,333000000,76.75853696137
231,1.82,26.7,5.94,2.5,436000000,11.689091465348,336000000,74.881734391551
232,1.82,26.7,5.94,2.6,439000000,11.454882969092,339000000,73.153313587086
234,1.82,26.7,6.06,2.2,427000000,12.446579830677,327000000,81.21480761243
235,1.82,26.7,6.06,2.3,430000000,12.234580731529,330000000,78.926530837632
236,1.82,26.7,6.06,2.4,433000000,12.012762126922,333000000,76.862623759366
237,1.82,26.7,6.06,2.5,436000000,11.780368259155,336000000,74.978477139281
238,1.82,26.7,6.06,2.6,439000000,11.536404769587,339000000,73.240857064375
240,1.82,26.7,6.18,2.2,426000000,12.548455040114,326000000,79.731666344873
241,1.82,26.7,6.18,2.3,429000000,12.3347690505,329000000,77.612892209045
242,1.82,26.7,6.18,2.4,432000000,12.11203546571,332000000,75.684097086065
243,1.82,26.7,6.18,2.5,435000000,11.879515844365,335000000,73.909950502411
244,1.82,26.7,6.18,2.6,438000000,11.636214559571,338000000,72.263499858515
246,1.82,26.7,6.3,2.2,425000000,12.646322617289,325000000,78.439649567386
247,1.82,26.7,6.3,2.3,428000000,12.430456068192,328000000,76.458389738162
248,1.82,26.7,6.3,2.4,431000000,12.206444608418,331000000,74.640916353317
249,1.82,26.7,6.3,2.5,434000000,11.973564903572,334000000,72.958629967157
250,1.82,26.7,6.3,2.6,437000000,11.730815919337,337000000,71.389240199224
252,1.82,26.82,5.7,2.2,428000000,12.293589538334,328000000,83.578227675727
253,1.82,26.82,5.7,2.3,431000000,12.089316350582,331000000,81.014529164618
254,1.82,26.82,5.7,2.4,434000000,11.876293153791,334000000,78.737518577531
255,1.82,26.82,5.7,2.5,437000000,11.653409927368,337000000,76.685141982255
256,1.82,26.82,5.7,2.6,440000000,11.419373976054,340000000,74.812555967391
258,1.82,26.82,5.82,2.2,427000000,12.388452019943,327000000,81.762481752729
259,1.82,26.82,5.82,2.3,430000000,12.182805994184,330000000,79.424869155839
260,1.82,26.82,5.82,2.4,433000000,11.969199904039,333000000,77.324347158952
261,1.82,26.82,5.82,2.5,436000000,11.74651834619,336000000,75.41315523907
262,1.82,26.82,5.82,2.6,439000000,11.513448475833,339000000,73.655832454558
264,1.82,26.82,5.94,2.2,427000000,12.482655344626,327000000,81.859845511998
265,1.82,26.82,5.94,2.3,430000000,12.271686131321,330000000,79.517544225504
266,1.82,26.82,5.94,2.4,432000000,12.055588975752,332000000,76.082370070187
267,1.82,26.82,5.94,2.5,435000000,11.83310151145,335000000,74.287341742177
268,1.82,26.82,5.94,2.6,438000000,11.601081580262,338000000,72.62617848691
270,1.82,26.82,6.06,2.2,426000000,12.588450860336,326000000,80.313103344978
271,1.82,26.82,6.06,2.3,429000000,12.376150639367,329000000,78.150736206209
272,1.82,26.82,6.06,2.4,432000000,12.154354214638,332000000,76.186231657138
273,1.82,26.82,6.06,2.5,435000000,11.922247238661,335000000,74.382160046862
274,1.82,26.82,6.06,2.6,437000000,11.680181906813,337000000,71.70163521345
276,1.82,26.82,6.18,2.2,425000000,12.691914269163,325000000,78.97084606341
277,1.82,26.82,6.18,2.3,428000000,12.477911434353,328000000,76.954110624085
278,1.82,26.82,6.18,2.4,431000000,12.25521231666,331000000,75.107152461615
279,1.82,26.82,6.18,2.5,434000000,12.023013082905,334000000,73.399789472568
280,1.82,26.82,6.18,2.6,437000000,11.780258283793,337000000,71.808605145169
282,1.82,26.82,6.3,2.2,424000000,12.790952599499,324000000,77.793699027896
283,1.82,26.82,6.3,2.3,427000000,12.57477385717,327000000,75.896572940335
284,1.82,26.82,6.3,2.4,430000000,12.350843466833,330000000,74.147511424812
285,1.82,26.82,6.3,2.5,433000000,12.118364778481,333000000,72.521698539096
286,1.82,26.82,6.3,2.6,436000000,11.876268759756,336000000,70.999496298178
288,1.82,26.94,5.7,2.2,427000000,12.432945110103,327000000,82.469935055232
289,1.82,26.94,5.7,2.3,430000000,12.229939831392,330000000,80.071590109041
290,1.82,26.94,5.7,2.4,433000000,12.018442873302,333000000,77.922813118154
291,1.82,26.94,5.7,2.5,436000000,11.797286680812,336000000,75.972305501592
292,1.82,26.94,5.7,2.6,439000000,11.565124749277,339000000,74.182227218105
294,1.82,26.94,5.82,2.2,426000000,12.527956421565,326000000,80.833928076449
295,1.82,26.94,5.82,2.3,429000000,12.32359745541,329000000,78.627781571611
296,1.82,26.94,5.82,2.4,432000000,12.111559022244,332000000,76.631179696709
297,1.82,26.94,5.82,2.5,435000000,11.890662498275,335000000,74.803848645382
298,1.82,26.94,5.82,2.6,438000000,11.659536057623,338000000,73.115334889871
300,1.82,26.94,5.94,2.2,426000000,12.625001268556,326000000,80.934362311976
301,1.82,26.94,5.94,2.3,429000000,12.413569181815,329000000,78.721771420253
302,1.82,26.94,5.94,2.4,431000000,12.197788861142,331000000,75.48938455496
303,1.82,26.94,5.94,2.5,434000000,11.977194185821,334000000,73.764538194587
304,1.82,26.94,5.94,2.6,437000000,11.747244934674,337000000,72.161624674827
306,1.82,26.94,6.06,2.2,425000000,12.732650965701,325000000,79.532801231846
307,1.82,26.94,6.06,2.3,428000000,12.51985958467,328000000,77.475345136269
308,1.82,26.94,6.06,2.4,431000000,12.297870386148,331000000,75.594777109359
309,1.82,26.94,6.06,2.5,434000000,12.065806334723,334000000,73.859032222649
310,1.82,26.94,6.06,2.6,436000000,11.825866419906,336000000,71.301711759995
312,1.82,26.94,6.18,2.2,424000000,12.83770008699,324000000,78.308919819795
313,1.82,26.94,6.18,2.3,427000000,12.623202835975,327000000,76.378528009216
314,1.82,26.94,6.18,2.4,430000000,12.400341816193,330000000,74.601597809684
315,1.82,26.94,6.18,2.5,433000000,12.168242182561,333000000,72.951883239732
316,1.82,26.94,6.18,2.6,436000000,11.925783958688,336000000,71.408724184495
318,1.82,26.94,6.3,2.2,423000000,12.937700645368,323000000,77.229607803897
319,1.82,26.94,6.3,2.3,426000000,12.721050746739,326000000,75.404617106005
320,1.82,26.94,6.3,2.4,429000000,12.497032443957,329000000,73.714776541918
321,1.82,26.94,6.3,2.5,432000000,12.264768454938,332000000,72.138219203782
322,1.82,26.94,6.3,2.6,435000000,12.02311498988,335000000,70.657408173744
324,1.82,27.06,5.7,2.2,426000000,12.572931108228,326000000,81.513729928942
325,1.82,27.06,5.7,2.3,429000000,12.371158157866,329000000,79.25164110092
326,1.82,27.06,5.7,2.4,432000000,12.161121341827,332000000,77.210252612642
327,1.82,27.06,5.7,2.5,435000000,11.941591654287,335000000,75.346165428913
328,1.82,27.06,5.7,2.6,438000000,11.711166143991,338000000,73.626806859834
330,1.82,27.06,5.82,2.2,425000000,12.667988224158,325000000,80.026085262686
331,1.82,27.06,5.82,2.3,428000000,12.46490287645,328000000,77.930281149992
332,1.82,27.06,5.82,2.4,431000000,12.254392656345,331000000,76.022103885154
333,1.82,27.06,5.82,2.5,434000000,12.035210517245,334000000,74.266914606377
334,1.82,27.06,5.82,2.6,437000000,11.805921381858,337000000,72.638109536116
336,1.82,27.06,5.94,2.2,425000000,12.769900428151,325000000,80.131618336027
337,1.82,27.06,5.94,2.3,428000000,12.557836448746,328000000,78.027458612735
338,1.82,27.06,5.94,2.4,430000000,12.340242894727,330000000,74.966563215216
339,1.82,27.06,5.94,2.5,433000000,12.121510333076,333000000,73.302845814424
340,1.82,27.06,5.94,2.6,436000000,11.893569051469,336000000,71.751048577083
342,1.82,27.06,6.06,2.2,424000000,12.87947800999,324000000,78.852534921764
343,1.82,27.06,6.06,2.3,427000000,12.666040449646,327000000,76.884101478233
344,1.82,27.06,6.06,2.4,430000000,12.443678367905,330000000,75.075526958646
345,1.82,27.06,6.06,2.5,433000000,12.211446558081,333000000,73.398875827906
346,1.82,27.06,6.06,2.6,435000000,11.971372327557,335000000,70.948104244523
348,1.82,27.06,6.18,2.2,423000000,12.98600545858,323000000,77.729904482598
349,1.82,27.06,6.18,2.3,426000000,12.770879450009,326000000,75.873724205566
350,1.82,27.06,6.18,2.4,429000000,12.547704678517,329000000,74.157535494483
351,1.82,27.06,6.18,2.5,432000000,12.315528044374,332000000,72.558178638804
352,1.82,27.06,6.18,2.6,435000000,12.073158556076,335000000,71.057189274401
354,1.82,27.06,6.3,2.2,422000000,13.086598911419,322000000,76.735049157859
355,1.82,27.06,6.3,2.3,425000000,12.86937257277,325000000,74.972753927062
356,1.82,27.06,6.3,2.4,428000000,12.645154218725,328000000,73.334802292206
357,1.82,27.06,6.3,2.5,431000000,12.412976735282,331000000,71.801674423078
358,1.82,27.06,6.3,2.6,434000000,12.171612743443,334000000,70.357526952446
360,1.82,27.18,5.7,2.2,425000000,12.713645182502,325000000,80.679860487477
361,1.82,27.18,5.7,2.3,428000000,12.513120505994,328000000,78.532536208683
362,1.82,27.18,5.7,2.4,431000000,12.304528324069,331000000,76.58279883179
363,1.82,27.18,5.7,2.5,434000000,12.086572926844,334000000,74.793247061126
364,1.82,27.18,5.7,2.6,437000000,11.857790725446,337000000,73.135388983445
366,1.82,27.18,5.82,2.2,424000000,12.808536820658,324000000,79.317224125543
367,1.82,27.18,5.82,2.3,427000000,12.606771612771,327000000,77.315796794783
368,1.82,27.18,5.82,2.4,430000000,12.397810368742,330000000,75.484110621741
369,1.82,27.18,5.82,2.5,433000000,12.180330942953,333000000,73.791893386185
370,1.82,27.18,5.82,2.6,436000000,11.952829019137,336000000,72.215577120658
372,1.82,27.18,5.94,2.2,424000000,12.917672087918,324000000,79.43021419582
373,1.82,27.18,5.94,2.3,427000000,12.704844222768,327000000,77.418341568748
374,1.82,27.18,5.94,2.4,429000000,12.482928867561,329000000,74.503693928609
375,1.82,27.18,5.94,2.5,432000000,12.266099563505,332000000,72.893930328394
376,1.82,27.18,5.94,2.6,435000000,12.040173601662,335000000,71.387533043608
378,1.82,27.18,6.06,2.2,423000000,13.029158877513,323000000,78.256319237999
379,1.82,27.18,6.06,2.3,426000000,12.814965694352,326000000,76.36460050733
380,1.82,27.18,6.06,2.4,429000000,12.592096400915,329000000,74.618609461629
381,1.82,27.18,6.06,2.5,432000000,12.359530495806,332000000,72.993669495952
382,1.82,27.18,6.06,2.6,434000000,12.116666474958,334000000,70.635071661411
384,1.82,27.18,6.18,2.2,422000000,13.136912682124,322000000,77.221499333475
385,1.82,27.18,6.18,2.3,425000000,12.921080057946,325000000,75.429969941318
386,1.82,27.18,6.18,2.4,428000000,12.697498098611,328000000,73.767103051409
387,1.82,27.18,6.18,2.5,431000000,12.465126276586,331000000,72.212209405861
388,1.82,27.18,6.18,2.6,434000000,12.222694003527,334000000,70.748604423638
390,1.82,27.18,6.3,2.2,421000000,13.2375154169,321000000,76.300238930776
391,1.82,27.18,6.3,2.3,424000000,13.019677575431,324000000,74.593101276189
392,1.82,27.18,6.3,2.4,427000000,12.7952213691,327000000,73.001123731332
393,1.82,27.18,6.3,2.5,430000000,12.563078423114,330000000,71.50668544729
394,1.82,27.18,6.3,2.6,433000000,12.321926499478,333000000,70.095326074182
396,1.82,27.3,5.7,2.2,424000000,12.855090418689,324000000,79.946530910625
397,1.82,27.3,5.7,2.3,427000000,12.655893462391,327000000,77.897674401558
398,1.82,27.3,5.7,2.4,430000000,12.448793401315,330000000,76.027435078575
399,1.82,27.3,5.7,2.5,433000000,12.232421016737,333000000,74.303096930715
400,1.82,27.3,5.7,2.6,436000000,12.00524611534,336000000,72.699409105253
402,1.82,27.3,5.82,2.2,424000000,12.953370861806,324000000,80.048196585316
403,1.82,27.3,5.82,2.3,426000000,12.749137277146,326000000,76.771553878618
404,1.82,27.3,5.82,2.4,429000000,12.541820733103,329000000,75.007000399706
405,1.82,27.3,5.82,2.5,432000000,12.326106504899,332000000,73.370473718933
406,1.82,27.3,5.82,2.6,435000000,12.100413068365,335000000,71.840849943909
408,1.82,27.3,5.94,2.2,423000000,13.06856951362,323000000,78.814138468811
409,1.82,27.3,5.94,2.3,426000000,12.854893992954,326000000,76.882013464505
410,1.82,27.3,5.94,2.4,429000000,12.631956554157,329000000,75.102424206049
411,1.82,27.3,5.94,2.5,431000000,12.410888547193,331000000,72.530990141451
412,1.82,27.3,5.94,2.6,434000000,12.187073809441,334000000,71.065382600514
414,1.82,27.3,6.06,2.2,422000000,13.181816943424,322000000,77.731859460209
415,1.82,27.3,6.06,2.3,425000000,12.966818268656,325000000,75.907136295452
416,1.82,27.3,6.06,2.4,428000000,12.743367665353,328000000,74.216196103271
417,1.82,27.3,6.06,2.5,431000000,12.510360247985,331000000,72.636986991939
418,1.82,27.3,6.06,2.6,434000000,12.266490533227,334000000,71.151854232521
420,1.82,27.3,6.18,2.2,421000000,13.290349472914,321000000,76.773956135417
421,1.82,27.3,6.18,2.3,424000000,13.073806292687,324000000,75.039432389753
422,1.82,27.3,6.18,2.4,427000000,12.849800321322,327000000,73.423893209286
423,1.82,27.3,6.18,2.5,430000000,12.617192122028,330000000,71.90865917568
424,1.82,27.3,6.18,2.6,433000000,12.374620439424,333000000,70.478507272417
426,1.82,27.3,6.3,2.2,420000000,13.39009598689,320000000,75.91714768549
427,1.82,27.3,6.3,2.3,423000000,13.17170331151,323000000,74.259090733444
428,1.82,27.3,6.3,2.4,426000000,12.947068430224,326000000,72.708289839142
429,1.82,27.3,6.3,2.5,429000000,12.715007645439,329000000,71.248679238231
430,1.82,27.3,6.3,2.6,432000000,12.474089708071,332000000,69.866937671084
432,1.94,26.7,5.7,2.2,429000000,12.082690180605,329000000,84.709764979882
433,1.94,26.7,5.7,2.3,432000000,11.876893795929,332000000,81.941747016845
434,1.94,26.7,5.7,2.4,435000000,11.66193862324,335000000,79.50987247865
435,1.94,26.7,5.7,2.5,438000000,11.43677359255,338000000,77.336922296761
436,1.94,26.7,5.7,2.6,441000000,11.200162706624,341000000,75.368426414872
438,1.94,26.7,5.82,2.2,428000000,12.178664433911,328000000,82.67102424524
439,1.94,26.7,5.82,2.3,431000000,11.971486642871,331000000,80.174693453017
440,1.94,26.7,5.82,2.4,434000000,11.75592057792,334000000,77.951237705582
441,1.94,26.7,5.82,2.5,437000000,11.530913975059,337000000,75.942615649506
442,1.94,26.7,5.82,2.6,440000000,11.295213918985,340000000,74.106657991693
444,1.94,26.7,5.94,2.2,428000000,12.269797470436,328000000,82.765091361053
445,1.94,26.7,5.94,2.3,430000000,12.059995940054,330000000,78.648573618488
446,1.94,26.7,5.94,2.4,433000000,11.843683210507,333000000,76.591287976645
447,1.94,26.7,5.94,2.5,436000000,11.618785842451,336000000,74.716032249411
448,1.94,26.7,5.94,2.6,439000000,11.384032614658,339000000,72.989295344075
450,1.94,26.7,6.06,2.2,427000000,12.375227216872,327000000,81.042884691227
451,1.94,26.7,6.06,2.3,430000000,12.163115796741,330000000,78.75596958061
452,1.94,26.7,6.06,2.4,433000000,11.941057173519,333000000,76.693546232887
453,1.94,26.7,6.06,2.5,436000000,11.70830113134,336000000,74.811013487832
454,1.94,26.7,6.06,2.6,438000000,11.464772298337,338000000,71.990815371014
456,1.94,26.7,6.18,2.2,426000000,12.478536354413,326000000,79.560384115769
457,1.94,26.7,6.18,2.3,429000000,12.264728919806,329000000,77.442815418738
458,1.94,26.7,6.18,2.4,432000000,12.041744843981,332000000,75.515346017887
459,1.94,26.7,6.18,2.5,435000000,11.808851051371,335000000,73.74265452142
460,1.94,26.7,6.18,2.6,438000000,11.565056868171,338000000,72.097794813002
462,1.94,26.7,6.3,2.2,425000000,12.577923150737,325000000,78.269190518421
463,1.94,26.7,6.3,2.3,428000000,12.361924309065,328000000,76.28897930725
464,1.94,26.7,6.3,2.4,431000000,12.137650685948,331000000,74.472672860044
465,1.94,26.7,6.3,2.5,434000000,11.904384038898,334000000,72.791681675296
466,1.94,26.7,6.3,2.6,437000000,11.661127858145,337000000,71.223722644675
468,1.94,26.82,5.7,2.2,428000000,12.222758828342,328000000,83.407719586152
469,1.94,26.82,5.7,2.3,431000000,12.018279448188,331000000,80.845436746222
470,1.94,26.82,5.7,2.4,434000000,11.804929942771,334000000,78.569971194248
471,1.94,26.82,5.7,2.5,437000000,11.581604180925,337000000,76.519274208716
472,1.94,26.82,5.7,2.6,440000000,11.347013343564,340000000,74.648505264659
474,1.94,26.82,5.82,2.2,427000000,12.318937340098,327000000,81.592396639906
475,1.94,26.82,5.82,2.3,430000000,12.113079785415,330000000,79.256046603461
476,1.94,26.82,5.82,2.4,433000000,11.899141471567,333000000,77.156916252315
477,1.94,26.82,5.82,2.5,436000000,11.67601049735,336000000,75.247251102528
478,1.94,26.82,5.82,2.6,439000000,11.442377409576,339000000,73.49159388599
480,1.94,26.82,5.94,2.2,427000000,12.411123088311,327000000,81.687742819771
481,1.94,26.82,5.94,2.3,429000000,12.201528701415,329000000,77.871583792945
482,1.94,26.82,5.94,2.4,432000000,11.98689989792,332000000,75.915220573073
483,1.94,26.82,5.94,2.5,435000000,11.763956303548,335000000,74.121565497557
484,1.94,26.82,5.94,2.6,438000000,11.53136522299,338000000,72.461915067425
486,1.94,26.82,6.06,2.2,426000000,12.518311092271,326000000,80.141599855868
487,1.94,26.82,6.06,2.3,429000000,12.305864676786,329000000,77.980413498655
488,1.94,26.82,6.06,2.4,432000000,12.083795467758,332000000,76.017212486182
489,1.94,26.82,6.06,2.5,435000000,11.851294550354,335000000,74.214576316957
490,1.94,26.82,6.06,2.6,437000000,11.611885023661,337000000,71.537509041494
492,1.94,26.82,6.18,2.2,425000000,12.623254272155,325000000,78.800126265144
493,1.94,26.82,6.18,2.3,428000000,12.409095021423,328000000,76.784415402299
494,1.94,26.82,6.18,2.4,431000000,12.186111632851,331000000,74.9386021663
495,1.94,26.82,6.18,2.5,434000000,11.953505447982,334000000,73.232514481617
496,1.94,26.82,6.18,2.6,437000000,11.710225793745,337000000,71.642743361041
498,1.94,26.82,6.3,2.2,424000000,12.723861352337,324000000,77.623946357752
499,1.94,26.82,6.3,2.3,427000000,12.507514456302,327000000,75.727688687617
500,1.94,26.82,6.3,2.4,430000000,12.283287389196,330000000,73.979613461994
501,1.94,26.82,6.3,2.5,433000000,12.050388291233,333000000,72.354915468762
502,1.94,26.82,6.3,2.6,436000000,11.807752374494,336000000,70.833964894227
504,1.94,26.94,5.7,2.2,427000000,12.363329560489,327000000,82.29974894044
505,1.94,26.94,5.7,2.3,430000000,12.16008830638,330000000,79.902642213025
506,1.94,26.94,5.7,2.4,433000000,11.94823624807,333000000,77.755234112814
507,1.94,26.94,5.7,2.5,436000000,11.726609414406,336000000,75.806232180447
508,1.94,26.94,5.7,2.6,439000000,11.493864909806,339000000,74.017800266265
510,1.94,26.94,5.82,2.2,426000000,12.459692229064,326000000,80.664299984674
511,1.94,26.94,5.82,2.3,429000000,12.255091635504,329000000,78.459238922568
512,1.94,26.94,5.82,2.4,432000000,12.042691953424,332000000,76.463852229275
513,1.94,26.94,5.82,2.5,435000000,11.8213176747,335000000,74.637872931622
514,1.94,26.94,5.82,2.6,438000000,11.58960002894,338000000,72.950852088765
516,1.94,26.94,5.94,2.2,426000000,12.554684534914,326000000,80.762681675885
517,1.94,26.94,5.94,2.3,428000000,12.343336587522,328000000,77.193229252127
518,1.94,26.94,5.94,2.4,431000000,12.130328380129,331000000,75.32247442487
519,1.94,26.94,5.94,2.5,434000000,11.909249406238,334000000,73.598826134988
520,1.94,26.94,5.94,2.6,437000000,11.678701116243,337000000,71.997251768067
522,1.94,26.94,6.06,2.2,425000000,12.663772599449,325000000,79.361862841239
523,1.94,26.94,6.06,2.3,428000000,12.450798772997,328000000,77.305405375363
524,1.94,26.94,6.06,2.4,431000000,12.228501571326,331000000,75.42595864025
525,1.94,26.94,6.06,2.5,434000000,11.996009242347,334000000,73.691467844867
526,1.94,26.94,6.06,2.6,436000000,11.758782029984,336000000,71.137612478961
528,1.94,26.94,6.18,2.2,424000000,12.770351866896,324000000,78.138909919214
529,1.94,26.94,6.18,2.3,427000000,12.555660941068,327000000,76.209361077791
530,1.94,26.94,6.18,2.4,430000000,12.332479501139,330000000,74.433393511608
531,1.94,26.94,6.18,2.5,433000000,12.09993762557,333000000,72.784772103604
532,1.94,26.94,6.18,2.6,436000000,11.856919903075,336000000,71.242845231755
534,1.94,26.94,6.3,2.2,423000000,12.87197487122,323000000,77.06071025661
535,1.94,26.94,6.3,2.3,426000000,12.655118859514,326000000,75.236407620143
536,1.94,26.94,6.3,2.4,429000000,12.43076720164,329000000,73.547371843259
537,1.94,26.94,6.3,2.5,432000000,12.198047018222,332000000,71.971747393162
538,1.94,26.94,6.3,2.6,435000000,11.955818423565,335000000,70.492006316561
540,1.94,27.06,5.7,2.2,426000000,12.504572105262,326000000,81.344006840994
541,1.94,27.06,5.7,2.3,429000000,12.302532220459,329000000,79.082978243118
542,1.94,27.06,5.7,2.4,432000000,12.092110185492,332000000,77.04278107698
543,1.94,27.06,5.7,2.5,435000000,11.872080228363,335000000,75.18002325964
544,1.94,27.06,5.7,2.6,438000000,11.64104272166,338000000,73.462136957219
546,1.94,27.06,5.82,2.2,425000000,12.601018683803,325000000,79.857055474029
547,1.94,27.06,5.82,2.3,428000000,12.397660659185,328000000,77.762159843945
548,1.94,27.06,5.82,2.4,431000000,12.186759048574,331000000,75.85502058293
549,1.94,27.06,5.82,2.5,434000000,11.96706947211,334000000,74.101006350892
550,1.94,27.06,5.82,2.6,437000000,11.737159535711,337000000,72.473518803348
552,1.94,27.06,5.94,2.2,425000000,12.700848218489,325000000,79.960505874631
553,1.94,27.06,5.94,2.3,428000000,12.48857418382,328000000,77.857317254846
554,1.94,27.06,5.94,2.4,430000000,12.27405603487,330000000,74.800034277318
555,1.94,27.06,5.94,2.5,433000000,12.054809976353,333000000,73.137338886978
556,1.94,27.06,5.94,2.6,436000000,11.826240427901,336000000,71.586705183962
558,1.94,27.06,6.06,2.2,424000000,12.811914891298,324000000,78.682309860382
559,1.94,27.06,6.06,2.3,427000000,12.598256251116,327000000,76.714692054625
560,1.94,27.06,6.06,2.4,430000000,12.375548441753,330000000,74.907054948809
561,1.94,27.06,6.06,2.5,433000000,12.142851337845,333000000,73.231474031029
562,1.94,27.06,6.06,2.6,435000000,11.90554619235,335000000,70.784172876555
564,1.94,27.06,6.18,2.2,423000000,12.920027560013,323000000,77.560754520528
565,1.94,27.06,6.18,2.3,426000000,12.704668405971,326000000,75.705235336921
566,1.94,27.06,6.18,2.4,429000000,12.481134731169,329000000,73.989825942566
567,1.94,27.06,6.18,2.5,432000000,12.248478030587,332000000,72.391378195009
568,1.94,27.06,6.18,2.6,435000000,12.005511617452,335000000,70.89143709625
570,1.94,27.06,6.3,2.2,422000000,13.022301090426,322000000,76.567157690799
571,1.94,27.06,6.3,2.3,425000000,12.804828779296,325000000,74.805370573283
572,1.94,27.06,6.3,2.4,428000000,12.580238395356,328000000,73.168041942027
573,1.94,27.06,6.3,2.5,431000000,12.3475667301,331000000,71.635663817285
574,1.94,27.06,6.3,2.6,434000000,12.105589886569,334000000,70.192402456124
576,1.94,27.18,5.7,2.2,425000000,12.646587589144,325000000,80.510742413602
577,1.94,27.18,5.7,2.3,428000000,12.445764084541,328000000,78.364300550808
578,1.94,27.18,5.7,2.4,431000000,12.236755414739,331000000,76.415576180429
579,1.94,27.18,5.7,2.5,434000000,12.018268696523,334000000,74.627175689421
580,1.94,27.18,5.7,2.6,437000000,11.788843350832,337000000,72.970612925066
582,1.94,27.18,5.82,2.2,424000000,12.742909464722,324000000,79.148934563699
583,1.94,27.18,5.82,2.3,427000000,12.540839924485,327000000,77.14823969343
584,1.94,27.18,5.82,2.4,430000000,12.331456315989,330000000,75.317414386903
585,1.94,27.18,5.82,2.5,433000000,12.113438632333,333000000,73.626194505406
586,1.94,27.18,5.82,2.6,436000000,11.885284817076,336000000,72.051018270743
588,1.94,27.18,5.94,2.2,424000000,12.849938860763,324000000,79.259818759054
589,1.94,27.18,5.94,2.3,427000000,12.636860967661,327000000,77.248732896074
590,1.94,27.18,5.94,2.4,429000000,12.418064466583,329000000,74.337689777457
591,1.94,27.18,5.94,2.5,432000000,12.200691791247,332000000,72.728772074222
592,1.94,27.18,5.94,2.6,435000000,11.974107254877,335000000,71.22336151432
594,1.94,27.18,6.06,2.2,423000000,12.962970584675,323000000,78.086958586229
595,1.94,27.18,6.06,2.3,426000000,12.748515373014,326000000,76.195872131024
596,1.94,27.18,6.06,2.4,429000000,12.525260138206,329000000,74.450633442654
597,1.94,27.18,6.06,2.5,432000000,12.29218918942,332000000,72.826577701187
598,1.94,27.18,6.06,2.6,434000000,12.052148556117,334000000,70.471452098908
600,1.94,27.18,6.18,2.2,422000000,13.072369318097,322000000,77.053362005507
601,1.94,27.18,6.18,2.3,425000000,12.85626205562,325000000,75.262312117269
602,1.94,27.18,6.18,2.4,428000000,12.63228051998,328000000,73.600040753682
603,1.94,27.18,6.18,2.5,431000000,12.399388349321,331000000,72.045870768588
604,1.94,27.18,6.18,2.6,434000000,12.156318930965,334000000,70.583127699889
606,1.94,27.18,6.3,2.2,421000000,13.174713065936,321000000,76.133506418721
607,1.94,27.18,6.3,2.3,424000000,12.956587856013,324000000,74.426698030199
608,1.94,27.18,6.3,2.4,427000000,12.731719280301,327000000,72.835162128366
609,1.94,27.18,6.3,2.5,430000000,12.499042232257,330000000,71.341289986535
610,1.94,27.18,6.3,2.6,433000000,12.257237424488,333000000,69.930631372537
612,1.94,27.3,5.7,2.2,424000000,12.789382627259,324000000,79.778160641073
613,1.94,27.3,5.7,2.3,427000000,12.589854377849,327000000,77.730009706949
614,1.94,27.3,5.7,2.4,430000000,12.38230570022,330000000,75.860605088431
615,1.94,27.3,5.7,2.5,433000000,12.165369721844,333000000,74.137239064632
616,1.94,27.3,5.7,2.6,436000000,11.937518902385,336000000,72.53466736621
618,1.94,27.3,5.82,2.2,424000000,12.885514080238,324000000,79.877677322477
619,1.94,27.3,5.82,2.3,426000000,12.684566714109,326000000,76.604705030669
620,1.94,27.3,5.82,2.4,429000000,12.476796434495,329000000,74.84083619516
621,1.94,27.3,5.82,2.5,432000000,12.260512336676,332000000,73.205129007626
622,1.94,27.3,5.82,2.6,435000000,12.034134662431,335000000,71.676466404892
624,1.94,27.3,5.94,2.2,423000000,13.002215680714,323000000,78.644611976461
625,1.94,27.3,5.94,2.3,426000000,12.788247759131,326000000,76.713088940933
626,1.94,27.3,5.94,2.4,429000000,12.564896106087,329000000,74.934223846506
627,1.94,27.3,5.94,2.5,431000000,12.346825693965,331000000,72.366326472864
628,1.94,27.3,5.94,2.6,434000000,12.122321428108,334000000,70.901528561729
630,1.94,27.3,6.06,2.2,422000000,13.117069084471,322000000,77.563517314074
631,1.94,27.3,6.06,2.3,425000000,12.901765303483,325000000,75.739243242324
632,1.94,27.3,6.06,2.4,428000000,12.677886179684,328000000,74.048869702192
633,1.94,27.3,6.06,2.5,431000000,12.444331277678,331000000,72.470357199249
634,1.94,27.3,6.06,2.6,434000000,12.199799582766,334000000,70.986061617495
636,1.94,27.3,6.18,2.2,421000000,13.227310464086,321000000,76.606986625016
637,1.94,27.3,6.18,2.3,424000000,13.010449489084,324000000,74.872761768123
638,1.94,27.3,6.18,2.4,427000000,12.786001385475,327000000,73.25763452883
639,1.94,27.3,6.18,2.5,430000000,12.552830323856,330000000,71.742937951281
640,1.94,27.3,6.18,2.6,433000000,12.30957860134,333000000,70.313459739629
642,1.94,27.3,6.3,2.2,420000000,13.328861011258,320000000,75.751728189948
643,1.94,27.3,6.3,2.3,423000000,13.110138637451,323000000,74.093823654745
644,1.94,27.3,6.3,2.4,426000000,12.885049951365,326000000,72.543284373015
645,1.94,27.3,6.3,2.5,429000000,12.652413707862,329000000,71.084056729326
646,1.94,27.3,6.3,2.6,432000000,12.410800931997,332000000,69.702829868914
648,2.06,26.7,5.7,2.2,429000000,12.008776271665,329000000,84.538194450194
649,2.06,26.7,5.7,2.3,432000000,11.802786922564,332000000,81.771941617431
650,2.06,26.7,5.7,2.4,435000000,11.587520556189,335000000,79.341970386946
651,2.06,26.7,5.7,2.5,438000000,11.361930411553,338000000,77.171064780051
652,2.06,26.7,5.7,2.6,441000000,11.124784841376,341000000,75.204755328283
654,2.06,26.7,5.82,2.2,428000000,12.105993835817,328000000,82.499587181895
655,2.06,26.7,5.82,2.3,431000000,11.898618419198,331000000,80.004864371043
656,2.06,26.7,5.82,2.4,434000000,11.682735567183,334000000,77.783155661486
657,2.06,26.7,5.82,2.5,437000000,11.45729702215,337000000,75.776423835525
658,2.06,26.7,5.82,2.6,440000000,11.22105381121,340000000,73.942501159079
660,2.06,26.7,5.94,2.2,427000000,12.197415966623,327000000,80.761662705406
661,2.06,26.7,5.94,2.3,430000000,11.98843031187,330000000,78.478890873725
662,2.06,26.7,5.94,2.4,433000000,11.771794686208,333000000,76.423194385392
663,2.06,26.7,5.94,2.5,436000000,11.546458340742,336000000,74.549672386158
664,2.06,26.7,5.94,2.6,439000000,11.311153493659,339000000,72.824816212485
666,2.06,26.7,6.06,2.2,427000000,12.301887284455,327000000,80.869774789189
667,2.06,26.7,6.06,2.3,430000000,12.089649747651,330000000,78.58438641103
668,2.06,26.7,6.06,2.4,433000000,11.867340260993,333000000,76.523624249241
669,2.06,26.7,6.06,2.5,436000000,11.634214217368,336000000,74.642894208296
670,2.06,26.7,6.06,2.6,438000000,11.393238095821,338000000,71.826178195765
672,2.06,26.7,6.18,2.2,426000000,12.406586542012,326000000,79.387764971643
673,2.06,26.7,6.18,2.3,429000000,12.192644322728,329000000,77.271561863553
674,2.06,26.7,6.18,2.4,432000000,11.969399081887,332000000,75.345591048152
675,2.06,26.7,6.18,2.5,435000000,11.736123199733,335000000,73.574539340312
676,2.06,26.7,6.18,2.6,438000000,11.491831129573,338000000,71.931466097754
678,2.06,26.7,6.3,2.2,425000000,12.507450444103,325000000,78.097250808066
679,2.06,26.7,6.3,2.3,428000000,12.291306431112,328000000,76.118243123901
680,2.06,26.7,6.3,2.4,431000000,12.066760098231,331000000,74.303271442869
681,2.06,26.7,6.3,2.5,434000000,11.833098412315,334000000,72.623755478257
682,2.06,26.7,6.3,2.6,437000000,11.58932959516,337000000,71.057418531302
684,2.06,26.82,5.7,2.2,428000000,12.14997954266,328000000,83.23617381603
685,2.06,26.82,5.7,2.3,431000000,11.945278979646,331000000,80.675475524019
686,2.06,26.82,5.7,2.4,434000000,11.731590990522,334000000,78.401735454642
687,2.06,26.82,5.7,2.5,437000000,11.507813506874,337000000,76.352909079051
688,2.06,26.82,5.7,2.6,440000000,11.272661823901,340000000,74.48415760349
690,2.06,26.82,5.82,2.2,427000000,12.247434615352,327000000,81.421123865988
691,2.06,26.82,5.82,2.3,430000000,12.041350691688,330000000,79.086200421592
692,2.06,26.82,5.82,2.4,433000000,11.827067866028,333000000,76.988637736403
693,2.06,26.82,5.82,2.5,436000000,11.60347793383,336000000,75.080686479639
694,2.06,26.82,5.82,2.6,439000000,11.36927509693,339000000,73.326892028435
696,2.06,26.82,5.94,2.2,426000000,12.33880308638,326000000,79.857558259465
697,2.06,26.82,5.94,2.3,429000000,12.131137434341,329000000,77.702023534494
698,2.06,26.82,5.94,2.4,432000000,11.916157840291,332000000,75.74706939037
699,2.06,26.82,5.94,2.5,435000000,11.692748121496,335000000,73.95497020075
700,2.06,26.82,5.94,2.6,438000000,11.459578661563,338000000,72.297025892967
702,2.06,26.82,6.06,2.2,426000000,12.446138497862,326000000,79.968757792666
703,2.06,26.82,6.06,2.3,429000000,12.233532704505,329000000,77.80891253076
704,2.06,26.82,6.06,2.4,432000000,12.01118030621,332000000,75.847188194991
705,2.06,26.82,6.06,2.5,435000000,11.778277916496,335000000,74.046172563827
706,2.06,26.82,6.06,2.6,437000000,11.541481029529,337000000,71.372599466451
708,2.06,26.82,6.18,2.2,425000000,12.552518189432,325000000,78.627922995387
709,2.06,26.82,6.18,2.3,428000000,12.33818972722,328000000,76.61339170796
710,2.06,26.82,6.18,2.4,431000000,12.114911752103,331000000,74.768891465041
711,2.06,26.82,6.18,2.5,434000000,11.881890903337,334000000,73.064259495093
712,2.06,26.82,6.18,2.6,437000000,11.638081487116,337000000,71.47609346884
714,2.06,26.82,6.3,2.2,424000000,12.654652836204,324000000,77.452571968908
715,2.06,26.82,6.3,2.3,427000000,12.438125361408,327000000,75.557332105256
716,2.06,26.82,6.3,2.4,430000000,12.213591321527,330000000,73.810405743257
717,2.06,26.82,6.3,2.5,433000000,11.980263801824,333000000,72.186997828639
718,2.06,26.82,6.3,2.6,436000000,11.737082499414,336000000,70.667486007402
720,2.06,26.94,5.7,2.2,427000000,12.291723273486,327000000,82.128372518703
721,2.06,26.94,5.7,2.3,430000000,12.088231194826,330000000,79.73266804046
722,2.06,26.94,5.7,2.4,433000000,11.876011852624,333000000,77.586804963937
723,2.06,26.94,5.7,2.5,436000000,11.653905060343,336000000,75.63949607158
724,2.06,26.94,5.7,2.6,439000000,11.420571793642,339000000,73.852908075679
726,2.06,26.94,5.82,2.2,426000000,12.389398603354,326000000,80.493336752987
727,2.06,26.94,5.82,2.3,429000000,12.18454160615,329000000,78.289519861822
728,2.06,26.94,5.82,2.4,432000000,11.971768291598,332000000,76.295519519471
729,2.06,26.94,5.82,2.5,435000000,11.749906492059,335000000,74.471074845525
730,2.06,26.94,5.82,2.6,438000000,11.51759078309,338000000,72.785740593079
732,2.06,26.94,5.94,2.2,426000000,12.482333477933,326000000,80.58966100978
733,2.06,26.94,5.94,2.3,428000000,12.274162471534,328000000,77.023936643092
734,2.06,26.94,5.94,2.4,431000000,12.060774391141,331000000,75.154409627913
735,2.06,26.94,5.94,2.5,434000000,11.8392007815,334000000,73.43213720227
736,2.06,26.94,5.94,2.6,437000000,11.608045771514,337000000,71.832091109503
738,2.06,26.94,6.06,2.2,425000000,12.592815812132,325000000,79.189438679766
739,2.06,26.94,6.06,2.3,428000000,12.379646890195,328000000,77.134134994931
740,2.06,26.94,6.06,2.4,431000000,12.15703164613,331000000,75.255977902092
741,2.06,26.94,6.06,2.5,434000000,11.924103739442,334000000,73.522922028943
742,2.06,26.94,6.06,2.6,436000000,11.689550181579,336000000,70.972571805862
744,2.06,26.94,6.18,2.2,424000000,12.70088269638,324000000,77.967274649794
745,2.06,26.94,6.18,2.3,427000000,12.485985743478,327000000,76.038718245799
746,2.06,26.94,6.18,2.4,430000000,12.26247382807,330000000,74.263876134338
747,2.06,26.94,6.18,2.5,433000000,12.029482112371,333000000,72.61652349582
748,2.06,26.94,6.18,2.6,436000000,11.785899986349,336000000,71.076016484912
750,2.06,26.94,6.3,2.2,423000000,12.804088169753,323000000,76.890054918776
751,2.06,26.94,6.3,2.3,426000000,12.587013946885,326000000,75.066583856411
752,2.06,26.94,6.3,2.4,429000000,12.362318761703,329000000,73.378509757655
753,2.06,26.94,6.3,2.5,432000000,12.129134334339,332000000,71.803988054477
754,2.06,26.94,6.3,2.6,435000000,11.886324961991,335000000,70.325499204543
756,2.06,27.06,5.7,2.2,426000000,12.434180585495,326000000,81.172945571131
757,2.06,27.06,5.7,2.3,429000000,12.231858939362,329000000,78.913135888487
758,2.06,27.06,5.7,2.4,432000000,12.021039381282,332000000,76.874301301245
759,2.06,27.06,5.7,2.5,435000000,11.800499604244,335000000,75.01305594455
760,2.06,27.06,5.7,2.6,438000000,11.568843593847,338000000,73.296835946156
762,2.06,27.06,5.82,2.2,425000000,12.531978882117,325000000,79.68654811063
763,2.06,27.06,5.82,2.3,428000000,12.328333329358,328000000,77.592713920294
764,2.06,27.06,5.82,2.4,431000000,12.11702771593,331000000,75.686778447997
765,2.06,27.06,5.82,2.5,434000000,11.896820586989,334000000,73.934117286577
766,2.06,27.06,5.82,2.6,437000000,11.666282552535,337000000,72.308136775606
768,2.06,27.06,5.94,2.2,425000000,12.629715563055,325000000,79.78790565408
769,2.06,27.06,5.94,2.3,427000000,12.417538547751,327000000,76.428069915987
770,2.06,27.06,5.94,2.4,430000000,12.20573563076,330000000,74.632202119097
771,2.06,27.06,5.94,2.5,433000000,11.98596524436,333000000,72.970701121397
772,2.06,27.06,5.94,2.6,436000000,11.756759156026,336000000,71.421415269991
774,2.06,27.06,6.06,2.2,424000000,12.742227781202,324000000,78.510456420881
775,2.06,27.06,6.06,2.3,427000000,12.52833583707,327000000,76.543803855841
776,2.06,27.06,6.06,2.4,430000000,12.30527252428,330000000,74.737267271789
777,2.06,27.06,6.06,2.5,433000000,12.072102963966,333000000,73.06293261798
778,2.06,27.06,6.06,2.6,435000000,11.837532677115,335000000,70.619145823228
780,2.06,27.06,6.18,2.2,423000000,12.851884118669,323000000,77.389842179863
781,2.06,27.06,6.18,2.3,426000000,12.636279776079,326000000,75.535127663399
782,2.06,27.06,6.18,2.4,429000000,12.412377271288,329000000,73.820654728841
783,2.06,27.06,6.18,2.5,432000000,12.179232896213,332000000,72.223286396925
784,2.06,27.06,6.18,2.6,435000000,11.935664542855,335000000,70.724576477361
786,2.06,27.06,6.3,2.2,422000000,12.955799320662,322000000,76.397377634577
787,2.06,27.06,6.3,2.3,425000000,12.738069100445,325000000,74.636235918468
788,2.06,27.06,6.3,2.4,428000000,12.513096471767,328000000,72.999681079301
789,2.06,27.06,6.3,2.5,431000000,12.279922375463,331000000,71.468216743586
790,2.06,27.06,6.3,2.6,434000000,12.037326718907,334000000,70.026018403519
792,2.06,27.18,5.7,2.2,425000000,12.577456233606,325000000,80.340143301005
793,2.06,27.18,5.7,2.3,428000000,12.376318948196,328000000,78.194736717013
794,2.06,27.18,5.7,2.4,431000000,12.166881224762,331000000,76.247191192307
795,2.06,27.18,5.7,2.5,434000000,11.94785327172,334000000,74.460120214313
796,2.06,27.18,5.7,2.6,437000000,11.717777839546,337000000,72.805042640584
798,2.06,27.18,5.82,2.2,424000000,12.67517178714,324000000,78.979030325554
799,2.06,27.18,5.82,2.3,427000000,12.47278281711,327000000,76.979214651962
800,2.06,27.18,5.82,2.4,430000000,12.262963836699,330000000,75.149410095428
801,2.06,27.18,5.82,2.5,433000000,12.044397273049,333000000,73.459360166816
802,2.06,27.18,5.82,2.6,436000000,11.815583684806,336000000,71.885508679992
804,2.06,27.18,5.94,2.2,424000000,12.780079035842,324000000,79.087792369893
805,2.06,27.18,5.94,2.3,427000000,12.566739053302,327000000,77.077643043201
806,2.06,27.18,5.94,2.4,429000000,12.351027182254,329000000,74.170238634079
807,2.06,27.18,5.94,2.5,432000000,12.133099621848,332000000,72.562333236747
808,2.06,27.18,5.94,2.6,435000000,11.905847466886,335000000,71.058088294191
810,2.06,27.18,6.06,2.2,423000000,12.894612922181,323000000,77.915831756731
811,2.06,27.18,6.06,2.3,426000000,12.679883741688,326000000,76.025521259581
812,2.06,27.18,6.06,2.4,429000000,12.456232915914,329000000,74.281192355416
813,2.06,27.18,6.06,2.5,432000000,12.222649771638,332000000,72.658191609188
814,2.06,27.18,6.06,2.6,434000000,11.98540395997,334000000,70.306586662858
816,2.06,27.18,6.18,2.2,422000000,13.005616344506,322000000,76.8833304514
817,2.06,27.18,6.18,2.3,425000000,12.789222534998,325000000,75.092897388717
818,2.06,27.18,6.18,2.4,428000000,12.56483145184,328000000,73.431372589804
819,2.06,27.18,6.18,2.5,431000000,12.331411148512,331000000,71.878090781804
820,2.06,27.18,6.18,2.6,434000000,12.087699305537,334000000,70.416387227569
822,2.06,27.18,6.3,2.2,421000000,13.109664744967,321000000,75.964760150188
823,2.06,27.18,6.3,2.3,424000000,12.89124017907,324000000,74.258411741165
824,2.06,27.18,6.3,2.4,427000000,12.665948761687,327000000,72.667461747066
825,2.06,27.18,6.3,2.5,430000000,12.432728951012,330000000,71.174313488804
826,2.06,27.18,6.3,2.6,433000000,12.190264782112,333000000,69.76452663307
828,2.06,27.3,5.7,2.2,424000000,12.721560567954,324000000,79.608171781475
829,2.06,27.3,5.7,2.3,427000000,12.521685764847,327000000,77.560873002075
830,2.06,27.3,5.7,2.4,430000000,12.313675467688,330000000,75.692462983312
831,2.06,27.3,5.7,2.5,433000000,12.096165452817,333000000,73.970241869714
832,2.06,27.3,5.7,2.6,436000000,11.867631187413,336000000,72.368971377306
834,2.06,27.3,5.82,2.2,423000000,12.81884348824,323000000,78.354379236446
835,2.06,27.3,5.82,2.3,426000000,12.617831259657,326000000,76.436250140381
836,2.06,27.3,5.82,2.4,429000000,12.409593636673,329000000,74.673219423698
837,2.06,27.3,5.82,2.5,432000000,12.192728342409,332000000,73.038498332698
838,2.06,27.3,5.82,2.6,435000000,11.965657778902,335000000,71.510976195135
840,2.06,27.3,5.94,2.2,423000000,12.933689228082,323000000,78.473316084393
841,2.06,27.3,5.94,2.3,426000000,12.719417093647,326000000,76.542538834852
842,2.06,27.3,5.94,2.4,428000000,12.496493349152,328000000,73.760287481624
843,2.06,27.3,5.94,2.5,431000000,12.280539162274,331000000,72.20023709262
844,2.06,27.3,5.94,2.6,434000000,12.055335328377,334000000,70.736421658899
846,2.06,27.3,6.06,2.2,422000000,13.050106911747,322000000,77.3932762617
847,2.06,27.3,6.06,2.3,425000000,12.83448618306,325000000,75.569588677573
848,2.06,27.3,6.06,2.4,428000000,12.610168834923,328000000,73.879933101545
849,2.06,27.3,6.06,2.5,431000000,12.376059136671,331000000,72.302282202969
850,2.06,27.3,6.06,2.6,433000000,12.132990809441,333000000,70.030025728756
852,2.06,27.3,6.18,2.2,421000000,13.162018654468,321000000,76.437996547876
853,2.06,27.3,6.18,2.3,424000000,12.944827885972,324000000,74.704201287232
854,2.06,27.3,6.18,2.4,427000000,12.719927410401,327000000,73.08963049224
855,2.06,27.3,6.18,2.5,430000000,12.48618530891,330000000,71.575629601565
856,2.06,27.3,6.18,2.6,433000000,12.242247798668,333000000,70.146996816841
858,2.06,27.3,6.3,2.2,420000000,13.265339529241,320000000,75.584175856999
859,2.06,27.3,6.3,2.3,423000000,13.046275150156,323000000,73.926547513725
860,2.06,27.3,6.3,2.4,426000000,12.820721656581,326000000,72.37640715088
861,2.06,27.3,6.3,2.5,429000000,12.587500610967,329000000,70.917713399811
862,2.06,27.3,6.3,2.6,432000000,12.345185740794,332000000,69.537165767585
864,2.18,26.7,5.7,2.2,429000000,11.933071944327,329000000,84.365981705391
865,2.18,26.7,5.7,2.3,432000000,11.726875567895,332000000,81.601676709019
866,2.18,26.7,5.7,2.4,435000000,11.511287023526,335000000,79.173802055227
867,2.18,26.7,5.7,2.5,438000000,11.285263994474,338000000,77.005143515912
868,2.18,26.7,5.7,2.6,441000000,11.047579382177,341000000,75.041230744973
870,2.18,26.7,5.82,2.2,428000000,12.031492090595,328000000,82.327346963791
871,2.18,26.7,5.82,2.3,431000000,11.823905183661,331000000,79.834410767211
872,2.18,26.7,5.82,2.4,434000000,11.60769452019,334000000,77.614638904473
873,2.18,26.7,5.82,2.5,437000000,11.381816002837,337000000,75.609997078311
874,2.18,26.7,5.82,2.6,440000000,11.145024822748,340000000,73.778317761432
876,2.18,26.7,5.94,2.2,427000000,12.124182876269,327000000,80.589571576698
877,2.18,26.7,5.94,2.3,430000000,11.914980348078,330000000,78.308423451589
878,2.18,26.7,5.94,2.4,433000000,11.698010717383,333000000,76.254501856352
879,2.18,26.7,5.94,2.5,436000000,11.47222703128,336000000,74.382909932441
880,2.18,26.7,5.94,2.6,439000000,11.236365194832,339000000,72.66014021972
882,2.18,26.7,6.06,2.2,427000000,12.226678568234,327000000,80.695708031312
883,2.18,26.7,6.06,2.3,430000000,12.014302070338,330000000,78.412021271609
884,2.18,26.7,6.06,2.4,433000000,11.791731951878,333000000,76.353107376
885,2.18,26.7,6.06,2.5,436000000,11.558229269133,336000000,74.474378112192
886,2.18,26.7,6.06,2.6,438000000,11.319755950521,338000000,71.661177555237
888,2.18,26.7,6.18,2.2,426000000,12.332723318084,326000000,79.21403261529
889,2.18,26.7,6.18,2.3,429000000,12.118633909478,329000000,77.099365212533
890,2.18,26.7,6.18,2.4,432000000,11.895117909953,332000000,75.175075738171
891,2.18,26.7,6.18,2.5,435000000,11.661453232688,335000000,73.405858153983
892,2.18,26.7,6.18,2.6,438000000,11.416659615099,338000000,71.764776084823
894,2.18,26.7,6.3,2.2,425000000,12.435021087404,325000000,77.924047405142
895,2.18,26.7,6.3,2.3,428000000,12.218719946351,328000000,75.946408214915
896,2.18,26.7,6.3,2.4,431000000,11.993891445278,331000000,74.132949228673
897,2.18,26.7,6.3,2.5,434000000,11.759827864449,334000000,72.455098465468
898,2.18,26.7,6.3,2.6,437000000,11.515542346955,337000000,70.890584578362
900,2.18,26.82,5.7,2.2,428000000,12.07536712579,328000000,83.063822962815
901,2.18,26.82,5.7,2.3,431000000,11.870431589969,331000000,80.50488793484
902,2.18,26.82,5.7,2.4,434000000,11.656394258154,334000000,78.233063331171
903,2.18,26.82,5.7,2.5,437000000,11.432157284181,337000000,76.186307605779
904,2.18,26.82,5.7,2.6,440000000,11.196440297555,340000000,74.319782342123
906,2.18,26.82,5.82,2.2,427000000,12.174058535096,327000000,81.248889714016
907,2.18,26.82,5.82,2.3,430000000,11.967734593818,330000000,78.915566951372
908,2.18,26.82,5.82,2.4,433000000,11.753096292133,333000000,76.819757824827
909,2.18,26.82,5.82,2.5,436000000,11.529039303001,336000000,74.913717081355
910,2.18,26.82,5.82,2.6,439000000,11.29426172883,339000000,73.161991515492
912,2.18,26.82,5.94,2.2,426000000,12.266731936857,326000000,79.685617887817
913,2.18,26.82,5.94,2.3,429000000,12.058820518843,329000000,77.531520399142
914,2.18,26.82,5.94,2.4,432000000,11.843479001116,332000000,75.578156554772
915,2.18,26.82,5.94,2.5,435000000,11.619594633598,335000000,73.787805775515
916,2.18,26.82,5.94,2.6,438000000,11.38584115306,338000000,72.131770325202
918,2.18,26.82,6.06,2.2,426000000,12.372051350157,326000000,79.794801419263
919,2.18,26.82,6.06,2.3,429000000,12.159273978571,329000000,77.636467580878
920,2.18,26.82,6.06,2.4,432000000,11.936629104152,332000000,75.676402992193
921,2.18,26.82,6.06,2.5,435000000,11.703318950955,335000000,73.877202656829
922,2.18,26.82,6.06,2.6,437000000,11.469087975222,337000000,71.207160045522
924,2.18,26.82,6.18,2.2,425000000,12.479823307868,325000000,78.45445392279
925,2.18,26.82,6.18,2.3,428000000,12.265313811542,328000000,76.441267318887
926,2.18,26.82,6.18,2.4,431000000,12.041732062494,331000000,74.598258276261
927,2.18,26.82,6.18,2.5,434000000,11.808290106622,334000000,72.895272423108
928,2.18,26.82,6.18,2.6,437000000,11.563947414478,337000000,71.308913025587
930,2.18,26.82,6.3,2.2,424000000,12.583443021161,324000000,77.27978663194
931,2.18,26.82,6.3,2.3,427000000,12.366723508991,327000000,75.38572411479
932,2.18,26.82,6.3,2.4,430000000,12.141873342929,330000000,73.640119484445
933,2.18,26.82,6.3,2.5,433000000,11.908110693686,333000000,72.018187098466
934,2.18,26.82,6.3,2.6,436000000,11.664379965923,336000000,70.500311159491
936,2.18,26.94,5.7,2.2,427000000,12.218241285264,327000000,81.956032423359
937,2.18,26.94,5.7,2.3,430000000,12.01448477831,330000000,79.561904337013
938,2.18,26.94,5.7,2.4,433000000,11.80188733838,333000000,77.417772335783
939,2.18,26.94,5.7,2.5,436000000,11.579292749933,336000000,75.472353373934
940,2.18,26.94,5.7,2.6,439000000,11.345366103522,339000000,73.687815795811
942,2.18,26.94,5.82,2.2,426000000,12.317189678448,326000000,80.321258509503
943,2.18,26.94,5.82,2.3,429000000,12.112062741859,329000000,78.118854789701
944,2.18,26.94,5.82,2.4,432000000,11.898904793088,332000000,76.126422161806
945,2.18,26.94,5.82,2.5,435000000,11.676547215635,335000000,74.303704911724
946,2.18,26.94,5.82,2.6,438000000,11.443628203291,338000000,72.620260394582
948,2.18,26.94,5.94,2.2,425000000,12.409687018361,325000000,78.901445540331
949,2.18,26.94,5.94,2.3,428000000,12.203021716748,328000000,76.853547368037
950,2.18,26.94,5.94,2.4,431000000,11.989242487818,331000000,74.985424291572
951,2.18,26.94,5.94,2.5,434000000,11.7671654458,334000000,73.264715786762
952,2.18,26.94,5.94,2.6,437000000,11.535397702311,337000000,71.66639701119
954,2.18,26.94,6.06,2.2,425000000,12.519898474073,325000000,79.015747002543
955,2.18,26.94,6.06,2.3,428000000,12.306522831165,328000000,76.961762411187
956,2.18,26.94,6.06,2.4,431000000,12.083580674849,331000000,75.085073493045
957,2.18,26.94,6.06,2.5,434000000,11.850211189705,334000000,73.353643394746
958,2.18,26.94,6.06,2.6,436000000,11.618288303512,336000000,70.806837863517
960,2.18,26.94,6.18,2.2,424000000,12.629409274193,324000000,77.794225513567
961,2.18,26.94,6.18,2.3,427000000,12.41429496324,327000000,75.866821221354
962,2.18,26.94,6.18,2.4,430000000,12.190443703579,330000000,74.093277724508
963,2.18,26.94,6.18,2.5,433000000,11.956995886171,333000000,72.447379759407
964,2.18,26.94,6.18,2.6,436000000,11.712845919463,336000000,70.908490348972
966,2.18,26.94,6.3,2.2,423000000,12.734155709784,323000000,76.717846239559
967,2.18,26.94,6.3,2.3,426000000,12.516852199502,326000000,74.895360466221
968,2.18,26.94,6.3,2.4,429000000,12.291804522828,329000000,73.208415378251
969,2.18,26.94,6.3,2.5,432000000,12.058149180816,332000000,71.635176795571
970,2.18,26.94,6.3,2.6,435000000,11.814754913466,335000000,70.158132847039
972,2.18,27.06,5.7,2.2,426000000,12.361871034475,326000000,81.000766602315
973,2.18,27.06,5.7,2.3,429000000,12.159254098643,329000000,78.74234485049
974,2.18,27.06,5.7,2.4,432000000,11.948026144914,332000000,76.705054343141
975,2.18,27.06,5.7,2.5,435000000,11.726968547507,335000000,74.845514512525
976,2.18,27.06,5.7,2.6,438000000,11.494689175259,338000000,73.131164353925
978,2.18,27.06,5.82,2.2,425000000,12.460982241771,325000000,79.514776982996
979,2.18,27.06,5.82,2.3,428000000,12.257035607583,328000000,77.42216762428
980,2.18,27.06,5.82,2.4,431000000,12.045314827055,331000000,75.517612186422
981,2.18,27.06,5.82,2.5,434000000,11.824581614101,334000000,73.766492425557
982,2.18,27.06,5.82,2.6,437000000,11.593409885182,337000000,72.142218419866
984,2.18,27.06,5.94,2.2,425000000,12.556620806142,325000000,79.614036406512
985,2.18,27.06,5.94,2.3,427000000,12.347620894255,327000000,76.257945914078
986,2.18,27.06,5.94,2.4,430000000,12.135396517053,330000000,74.463294718571
987,2.18,27.06,5.94,2.5,433000000,11.915092591246,333000000,72.803171075181
988,2.18,27.06,5.94,2.6,436000000,11.685243445105,336000000,71.255427742164
990,2.18,27.06,6.06,2.2,424000000,12.670533988003,324000000,78.337186717645
991,2.18,27.06,6.06,2.3,427000000,12.456397593011,327000000,76.371659258553
992,2.18,27.06,6.06,2.4,430000000,12.232970232561,330000000,74.566396688051
993,2.18,27.06,6.06,2.5,433000000,11.999322423402,333000000,72.893494679106
994,2.18,27.06,6.06,2.6,435000000,11.767448434855,335000000,70.453265442078
996,2.18,27.06,6.18,2.2,423000000,12.781691064041,323000000,77.217372673
997,2.18,27.06,6.18,2.3,426000000,12.565830571066,326000000,75.363616659337
998,2.18,27.06,6.18,2.4,429000000,12.341550565987,329000000,73.650247818001
999,2.18,27.06,6.18,2.5,432000000,12.107912323573,332000000,72.054139760545
1000,2.18,27.06,6.18,2.6,435000000,11.863738568724,335000000,70.55685435876
1002,2.18,27.06,6.3,2.2,422000000,12.887207764487,322000000,76.22590699732
1003,2.18,27.06,6.3,2.3,425000000,12.669208787687,325000000,74.465558187602
1004,2.18,27.06,6.3,2.4,428000000,12.443844984762,328000000,72.829938475942
1005,2.18,27.06,6.3,2.5,431000000,12.210161673558,331000000,71.299562692807
1006,2.18,27.06,6.3,2.6,434000000,11.966942868455,334000000,69.858614996869
1008,2.18,27.18,5.7,2.2,425000000,12.50636489382,325000000,80.168277318552
1009,2.18,27.18,5.7,2.3,428000000,12.304900235253,328000000,78.024069373599
1010,2.18,27.18,5.7,2.4,431000000,12.095022394624,331000000,76.077879048964
1011,2.18,27.18,5.7,2.5,434000000,11.875444921569,334000000,74.292326168668
1012,2.18,27.18,5.7,2.6,437000000,11.644714196397,337000000,72.638933652885
1014,2.18,27.18,5.82,2.2,424000000,12.605436326799,324000000,78.807718758908
1015,2.18,27.18,5.82,2.3,427000000,12.402714193625,327000000,76.808939567642
1016,2.18,27.18,5.82,2.4,430000000,12.192448356912,330000000,74.980326320118
1017,2.18,27.18,5.82,2.5,433000000,11.97332395838,333000000,73.291629570673
1018,2.18,27.18,5.82,2.6,436000000,11.743844508222,336000000,71.719297935822
1020,2.18,27.18,5.94,2.2,424000000,12.708210415062,324000000,78.914347639166
1021,2.18,27.18,5.94,2.3,427000000,12.494597416008,327000000,76.905294940747
1022,2.18,27.18,5.94,2.4,429000000,12.28193091838,329000000,74.001562102989
1023,2.18,27.18,5.94,2.5,432000000,12.063438666444,332000000,72.394846264148
1024,2.18,27.18,5.94,2.6,435000000,11.835511700784,335000000,70.891956554458
1026,2.18,27.18,6.06,2.2,423000000,12.8242024553,323000000,77.743144600271
1027,2.18,27.18,6.06,2.3,426000000,12.609188507702,326000000,75.853764066817
1028,2.18,27.18,6.06,2.4,429000000,12.385133747364,329000000,74.110512913978
1029,2.18,27.18,6.06,2.5,432000000,12.151032708427,332000000,72.488748522997
1030,2.18,27.18,6.06,2.6,434000000,11.916548391579,334000000,70.140711635911
1032,2.18,27.18,6.18,2.2,422000000,12.936768715756,322000000,76.711603473679
1033,2.18,27.18,6.18,2.3,425000000,12.720077604303,325000000,74.921934840047
1034,2.18,27.18,6.18,2.4,428000000,12.495268341337,328000000,73.261318244957
1035,2.18,27.18,6.18,2.5,431000000,12.261313628043,331000000,71.709099891211
1036,2.18,27.18,6.18,2.6,434000000,12.016955734781,334000000,70.248624191862
1038,2.18,27.18,6.3,2.2,421000000,13.042483377768,321000000,75.794191569904
1039,2.18,27.18,6.3,2.3,424000000,12.823748637372,324000000,74.088444053612
1040,2.18,27.18,6.3,2.4,427000000,12.598025281413,327000000,72.498234846555
1041,2.18,27.18,6.3,2.5,430000000,12.36425561254,330000000,71.005979093987
1042,2.18,27.18,6.3,2.6,433000000,12.121127339909,333000000,69.597245971101
1044,2.18,27.3,5.7,2.2,424000000,12.651737137273,324000000,79.436772040122
1045,2.18,27.3,5.7,2.3,427000000,12.451501951143,327000000,77.390482612159
1046,2.18,27.3,5.7,2.4,430000000,12.243018613501,330000000,75.523237823211
1047,2.18,27.3,5.7,2.5,433000000,12.024925836461,333000000,73.802345083422
1048,2.18,27.3,5.7,2.6,436000000,11.795702429348,336000000,72.202571302835
1050,2.18,27.3,5.82,2.2,423000000,12.750421802442,323000000,78.183680623276
1051,2.18,27.3,5.82,2.3,426000000,12.549043817077,326000000,76.266400580443
1052,2.18,27.3,5.82,2.4,429000000,12.340326850105,329000000,74.504372299709
1053,2.18,27.3,5.82,2.5,432000000,12.122870793041,332000000,72.870814805592
1054,2.18,27.3,5.82,2.6,435000000,11.895100583453,335000000,71.34462319212
1056,2.18,27.3,5.94,2.2,423000000,12.863107234181,323000000,78.300457159187
1057,2.18,27.3,5.94,2.3,426000000,12.648520279463,326000000,76.370579898638
1058,2.18,27.3,5.94,2.4,428000000,12.428694159157,328000000,73.591996942429
1059,2.18,27.3,5.94,2.5,431000000,12.212143537791,331000000,72.032948081401
1060,2.18,27.3,5.94,2.6,434000000,11.986232054589,334000000,70.570299017415
1062,2.18,27.3,6.06,2.2,422000000,12.981046041165,322000000,77.221335769502
1063,2.18,27.3,6.06,2.3,425000000,12.765097743575,325000000,75.398382416225
1064,2.18,27.3,6.06,2.4,428000000,12.540333861218,328000000,73.70960677248
1065,2.18,27.3,6.06,2.5,431000000,12.305663604321,331000000,72.132993277506
1066,2.18,27.3,6.06,2.6,433000000,12.065419536007,333000000,69.86431126802
1068,2.18,27.3,6.18,2.2,421000000,13.094587789503,321000000,76.267178172545
1069,2.18,27.3,6.18,2.3,424000000,12.877056468636,324000000,74.533953486564
1070,2.18,27.3,6.18,2.4,427000000,12.651694816595,327000000,72.920094313711
1071,2.18,27.3,6.18,2.5,430000000,12.417375110158,330000000,71.40695826923
1072,2.18,27.3,6.18,2.6,433000000,12.172747832287,333000000,69.979353655934
1074,2.18,27.3,6.3,2.2,420000000,13.199642964542,320000000,75.414675437222
1075,2.18,27.3,6.3,2.3,423000000,12.980225535149,323000000,73.757457216729
1076,2.18,27.3,6.3,2.4,426000000,12.754197710052,326000000,72.207863728344
1077,2.18,27.3,6.3,2.5,429000000,12.520384197396,329000000,70.749865809833
1078,2.18,27.3,6.3,2.6,432000000,12.27736183473,332000000,69.370173124705
1080,2.3,26.7,5.7,2.2,429000000,11.855690806031,329000000,84.193368757774
1081,2.3,26.7,5.7,2.3,432000000,11.649274483057,332000000,81.431203607054
1082,2.3,26.7,5.7,2.4,435000000,11.433354006783,335000000,79.005627535254
1083,2.3,26.7,5.7,2.5,438000000,11.206891626669,338000000,76.839426525123
1084,2.3,26.7,5.7,2.6,441000000,10.968664973886,341000000,74.878127686907
1086,2.3,26.7,5.82,2.2,428000000,11.955272393981,328000000,82.154539771619
1087,2.3,26.7,5.82,2.3,431000000,11.747461263944,331000000,79.663578483621
1088,2.3,26.7,5.82,2.4,434000000,11.530913000232,334000000,77.445942496629
1089,2.3,26.7,5.82,2.5,437000000,11.304587806323,337000000,75.443599016187
1090,2.3,26.7,5.82,2.6,440000000,11.067245241346,340000000,73.614379163574
1092,2.3,26.7,5.94,2.2,427000000,12.049191684882,327000000,80.416751711211
1093,2.3,26.7,5.94,2.3,430000000,11.839759726013,330000000,78.137411294986
1094,2.3,26.7,5.94,2.4,433000000,11.622446224438,333000000,76.085459967836
1095,2.3,26.7,5.94,2.5,436000000,11.396208185215,336000000,74.216003584189
1096,2.3,26.7,5.94,2.6,439000000,11.159785430264,339000000,72.4955344525
1098,2.3,26.7,6.06,2.2,427000000,12.149717625932,327000000,80.520918411686
1099,2.3,26.7,6.06,2.3,430000000,11.937190264827,330000000,78.239117927958
1100,2.3,26.7,6.06,2.4,433000000,11.714350792546,333000000,76.182248817471
1101,2.3,26.7,6.06,2.5,436000000,11.480465971386,336000000,74.305727309086
1102,2.3,26.7,6.06,2.6,438000000,11.24444275278,338000000,71.496075653773
1104,2.3,26.7,6.18,2.2,426000000,12.257062661286,326000000,79.039414828919
1105,2.3,26.7,6.18,2.3,429000000,12.042814585115,329000000,76.926463235002
1106,2.3,26.7,6.18,2.4,432000000,11.819019283705,332000000,75.004047638213
1107,2.3,26.7,6.18,2.5,435000000,11.584960267635,335000000,73.236867888689
1108,2.3,26.7,6.18,2.6,438000000,11.339662698502,338000000,71.597990462018
1110,2.3,26.7,6.3,2.2,425000000,12.360750187455,325000000,77.749801544494
1111,2.3,26.7,6.3,2.3,428000000,12.144280875023,328000000,75.773705955174
1112,2.3,26.7,6.3,2.4,431000000,11.919161805719,331000000,73.961947651028
1113,2.3,26.7,6.3,2.5,434000000,11.684690664012,334000000,72.285961852786
1114,2.3,26.7,6.3,2.6,437000000,11.439885686697,337000000,70.723481298863
1116,2.3,26.82,5.7,2.2,428000000,11.999035100539,328000000,82.890903538073
1117,2.3,26.82,5.7,2.3,431000000,11.793851980582,331000000,80.333920198501
1118,2.3,26.82,5.7,2.4,434000000,11.57945572159,334000000,78.064210302616
1119,2.3,26.82,5.7,2.5,437000000,11.354752845213,337000000,76.01973387444
1120,2.3,26.82,5.7,2.6,440000000,11.118467517075,340000000,74.155651314102
1122,2.3,26.82,5.82,2.2,427000000,12.098922081662,327000000,81.075924606254
1123,2.3,26.82,5.82,2.3,430000000,11.892345644951,330000000,78.744386615301
1124,2.3,26.82,5.82,2.4,433000000,11.677342186672,333000000,76.650526616206
1125,2.3,26.82,5.82,2.5,436000000,11.452811424173,336000000,74.746602155737
1126,2.3,26.82,5.82,2.6,439000000,11.217455587887,339000000,72.997160008321
1128,2.3,26.82,5.94,2.2,426000000,12.192860872676,326000000,79.51278965142
1129,2.3,26.82,5.94,2.3,429000000,11.98469131677,329000000,77.360308616554
1130,2.3,26.82,5.94,2.4,432000000,11.768978037442,332000000,75.408726321788
1131,2.3,26.82,5.94,2.5,435000000,11.544611908438,335000000,73.620326103103
1132,2.3,26.82,5.94,2.6,438000000,11.310270276115,338000000,71.966411260622
1134,2.3,26.82,6.06,2.2,426000000,12.296166154221,326000000,79.619959047615
1135,2.3,26.82,6.06,2.3,429000000,12.083205974371,329000000,77.463316992229
1136,2.3,26.82,6.06,2.4,432000000,11.860260421352,332000000,75.505105036044
1137,2.3,26.82,6.06,2.5,434000000,11.628066751988,334000000,72.614702622785
1138,2.3,26.82,6.06,2.6,437000000,11.394822471682,337000000,71.041448333195
1140,2.3,26.82,6.18,2.2,425000000,12.405285395708,325000000,78.279940946721
1141,2.3,26.82,6.18,2.3,428000000,12.190584003121,328000000,76.268274321798
1142,2.3,26.82,6.18,2.4,431000000,11.966690387555,331000000,74.426944781982
1143,2.3,26.82,6.18,2.5,434000000,11.73282209656,334000000,72.725805255223
1144,2.3,26.82,6.18,2.6,437000000,11.487943932185,337000000,71.141463331239
1146,2.3,26.82,6.3,2.2,424000000,12.510346620174,324000000,77.105805510766
1147,2.3,26.82,6.3,2.3,427000000,12.293424566086,327000000,75.213090164647
1148,2.3,26.82,6.3,2.4,430000000,12.068250229901,330000000,73.468990447695
1149,2.3,26.82,6.3,2.5,433000000,11.834046993768,333000000,71.848729193171
1150,2.3,26.82,6.3,2.6,436000000,11.589764174134,336000000,70.33269605073
1152,2.3,26.94,5.7,2.2,427000000,12.142996912217,327000000,81.78295941436
1153,2.3,26.94,5.7,2.3,430000000,11.938963594341,330000000,79.390591913381
1154,2.3,26.94,5.7,2.4,433000000,11.725978568757,333000000,77.248386757574
1155,2.3,26.94,5.7,2.5,436000000,11.502889762688,336000000,75.305063799799
1156,2.3,26.94,5.7,2.6,439000000,11.268366606533,339000000,73.522791576269
1158,2.3,26.94,5.82,2.2,426000000,12.243178089545,326000000,80.148289699682
1159,2.3,26.94,5.82,2.3,429000000,12.037768895424,329000000,77.947478430436
1160,2.3,26.94,5.82,2.4,432000000,11.82421665008,332000000,75.956804950733
1161,2.3,26.94,5.82,2.5,435000000,11.601356484294,335000000,74.136017585661
1162,2.3,26.94,5.82,2.6,438000000,11.36783046382,338000000,72.454674989332
1164,2.3,26.94,5.94,2.2,425000000,12.336980689093,325000000,78.728764044936
1165,2.3,26.94,5.94,2.3,428000000,12.130027230187,328000000,76.682289695342
1166,2.3,26.94,5.94,2.4,431000000,11.915846932489,331000000,74.815757040244
1167,2.3,26.94,5.94,2.5,434000000,11.693259141723,334000000,73.096810585599
1168,2.3,26.94,5.94,2.6,437000000,11.46087423827,337000000,71.500427750136
1170,2.3,26.94,6.06,2.2,425000000,12.445136907012,325000000,78.84101026557
1171,2.3,26.94,6.06,2.3,428000000,12.23154392559,328000000,76.78852031519
1172,2.3,26.94,6.06,2.4,431000000,12.008267118947,331000000,74.913488236668
1173,2.3,26.94,6.06,2.5,433000000,11.776203061338,333000000,72.164639123193
1174,2.3,26.94,6.06,2.6,436000000,11.545112597226,336000000,70.640663157125
1176,2.3,26.94,6.18,2.2,424000000,12.556047008717,324000000,77.619978372758
1177,2.3,26.94,6.18,2.3,427000000,12.340705013606,327000000,75.693896202263
1178,2.3,26.94,6.18,2.4,430000000,12.116506690208,330000000,73.921834833691
1179,2.3,26.94,6.18,2.5,433000000,11.882597788043,333000000,72.277587626995
1180,2.3,26.94,6.18,2.6,436000000,11.637877932218,336000000,70.740523357545
1182,2.3,26.94,6.3,2.2,423000000,12.662291639229,323000000,76.544293170853
1183,2.3,26.94,6.3,2.3,426000000,12.444748770863,326000000,74.722956782735
1184,2.3,26.94,6.3,2.4,429000000,12.21934080986,329000000,73.037318554529
1185,2.3,26.94,6.3,2.5,432000000,11.985209204095,332000000,71.465553933665
1186,2.3,26.94,6.3,2.6,435000000,11.741227377067,335000000,69.990157777883
1188,2.3,27.06,5.7,2.2,426000000,12.287756427874,326000000,80.827694723906
1189,2.3,27.06,5.7,2.3,429000000,12.084831945862,329000000,78.570840251797
1190,2.3,27.06,5.7,2.4,432000000,11.873186109387,332000000,76.535285441788
1191,2.3,27.06,5.7,2.5,435000000,11.651604174903,335000000,74.677653900858
1192,2.3,27.06,5.7,2.6,438000000,11.418698145406,338000000,72.9653861858
1194,2.3,27.06,5.82,2.2,425000000,12.388140902633,325000000,79.341960368424
1195,2.3,27.06,5.82,2.3,428000000,12.183880906622,328000000,77.250749733468
1196,2.3,27.06,5.82,2.4,431000000,11.971735198317,331000000,75.347760980299
1197,2.3,27.06,5.82,2.5,434000000,11.750468889117,334000000,73.598381061872
1198,2.3,27.06,5.82,2.6,437000000,11.518659485277,337000000,71.976022639012
1200,2.3,27.06,5.94,2.2,425000000,12.481680719601,325000000,79.439121041217
1201,2.3,27.06,5.94,2.3,427000000,12.27580839547,327000000,76.086798285994
1202,2.3,27.06,5.94,2.4,430000000,12.063152414793,330000000,74.293544789231
1203,2.3,27.06,5.94,2.5,433000000,11.842307295734,333000000,72.634991922202
1204,2.3,27.06,5.94,2.6,436000000,11.611810246781,336000000,71.088995859634
1206,2.3,27.06,6.06,2.2,424000000,12.596949501541,324000000,78.162717197287
1207,2.3,27.06,6.06,2.3,427000000,12.382558565197,327000000,76.198485096777
1208,2.3,27.06,6.06,2.4,430000000,12.158759802785,330000000,74.394680426258
1209,2.3,27.06,6.06,2.5,433000000,11.924629259777,333000000,72.723407653218
1210,2.3,27.06,6.06,2.6,435000000,11.695409111694,335000000,70.286778817522
1212,2.3,27.06,6.18,2.2,423000000,12.709563274113,323000000,77.043555684586
1213,2.3,27.06,6.18,2.3,426000000,12.493436729686,326000000,75.190922446117
1214,2.3,27.06,6.18,2.4,429000000,12.268771769309,329000000,73.478835891946
1215,2.3,27.06,6.18,2.5,432000000,12.034634820087,332000000,71.884179467504
1216,2.3,27.06,6.18,2.6,435000000,11.789853673772,335000000,70.38852215751
1218,2.3,27.06,6.3,2.2,422000000,12.816639809533,322000000,76.052948385283
1219,2.3,27.06,6.3,2.3,425000000,12.598362297721,325000000,74.293550422444
1220,2.3,27.06,6.3,2.4,428000000,12.372599636278,328000000,72.659037844768
1221,2.3,27.06,6.3,2.5,431000000,12.13840173121,331000000,71.129936108637
1222,2.3,27.06,6.3,2.6,434000000,11.894556986449,334000000,69.690437273706
1224,2.3,27.18,5.7,2.2,425000000,12.433426055722,325000000,79.995363092832
1225,2.3,27.18,5.7,2.3,428000000,12.231621763211,328000000,77.85252770636
1226,2.3,27.18,5.7,2.4,431000000,12.021294195711,331000000,75.907879391227
1227,2.3,27.18,5.7,2.5,434000000,11.801160477807,334000000,74.124043346462
1228,2.3,27.18,5.7,2.6,437000000,11.569770900026,337000000,72.472545395813
1230,2.3,27.18,5.82,2.2,424000000,12.533814563377,324000000,78.635211803172
1231,2.3,27.18,5.82,2.3,427000000,12.330746870898,327000000,76.637637048326
1232,2.3,27.18,5.82,2.4,430000000,12.120024170425,330000000,74.810396350713
1233,2.3,27.18,5.82,2.5,433000000,11.900334583353,333000000,73.123246510843
1234,2.3,27.18,5.82,2.6,436000000,11.670184888368,336000000,71.552639950601
1236,2.3,27.18,5.94,2.2,424000000,12.634449459669,324000000,78.739701487862
1237,2.3,27.18,5.94,2.3,426000000,12.421955837373,326000000,75.561069108552
1238,2.3,27.18,5.94,2.4,429000000,12.210888690526,329000000,73.83188673085
1239,2.3,27.18,5.94,2.5,432000000,11.991823585042,332000000,72.226548494093
1240,2.3,27.18,5.94,2.6,435000000,11.763216385125,335000000,70.725214165622
1242,2.3,27.18,6.06,2.2,423000000,12.751854671988,323000000,77.569107414188
1243,2.3,27.18,6.06,2.3,426000000,12.536546276079,326000000,75.680821343392
1244,2.3,27.18,6.06,2.4,429000000,12.312080497848,329000000,73.938826514758
1245,2.3,27.18,6.06,2.5,432000000,12.07745725117,332000000,72.3184903717
1246,2.3,27.18,6.06,2.6,434000000,11.845696777575,334000000,69.974068334407
1248,2.3,27.18,6.18,2.2,422000000,12.865940584205,322000000,76.538384445804
1249,2.3,27.18,6.18,2.3,425000000,12.648942545284,325000000,74.74963834083
1250,2.3,27.18,6.18,2.4,428000000,12.423707764351,328000000,73.090102308935
1251,2.3,27.18,6.18,2.5,431000000,12.189213805048,331000000,71.539133454083
1252,2.3,27.18,6.18,2.6,434000000,11.94420780289,334000000,70.080084566722
1254,2.3,27.18,6.3,2.2,421000000,12.973281369091,321000000,75.621996805572
1255,2.3,27.18,6.3,2.3,424000000,12.754226781133,324000000,73.917001547752
1256,2.3,27.18,6.3,2.4,427000000,12.528063721888,327000000,72.327698789783
1257,2.3,27.18,6.3,2.5,430000000,12.293738600846,330000000,70.836515111429
1258,2.3,27.18,6.3,2.6,433000000,12.049943131914,333000000,69.42902861642
1260,2.3,27.3,5.7,2.2,424000000,12.5800241654,324000000,79.264173709941
1261,2.3,27.3,5.7,2.3,427000000,12.379416167543,327000000,77.219061562289
1262,2.3,27.3,5.7,2.4,430000000,12.170449900391,330000000,75.353163370352
1263,2.3,27.3,5.7,2.5,433000000,11.951767282339,333000000,73.633793017903
1264,2.3,27.3,5.7,2.6,436000000,11.721850778915,336000000,72.035721608719
1266,2.3,27.3,5.82,2.2,423000000,12.680072877678,323000000,78.011642091367
1267,2.3,27.3,5.82,2.3,426000000,12.478316432877,326000000,76.095372586026
1268,2.3,27.3,5.82,2.4,429000000,12.269109681121,329000000,74.334521963939
1269,2.3,27.3,5.82,2.5,432000000,12.051054988096,332000000,72.702316407041
1270,2.3,27.3,5.82,2.6,435000000,11.822580182212,335000000,71.177655947633
1272,2.3,27.3,5.94,2.2,423000000,12.790585679957,323000000,78.126245993928
1273,2.3,27.3,5.94,2.3,426000000,12.575674472276,326000000,76.197433476671
1274,2.3,27.3,5.94,2.4,428000000,12.358908627963,328000000,73.422555979316
1275,2.3,27.3,5.94,2.5,431000000,12.141752687291,331000000,71.864690649412
1276,2.3,27.3,5.94,2.6,434000000,11.915127348155,334000000,70.403402771925
1278,2.3,27.3,6.06,2.2,422000000,12.910001263606,322000000,77.047899851976
1279,2.3,27.3,6.06,2.3,425000000,12.693715967072,325000000,75.225839030953
1280,2.3,27.3,6.06,2.4,428000000,12.468498584873,328000000,73.538116058296
1281,2.3,27.3,6.06,2.5,431000000,12.233263485556,331000000,71.962726571253
1282,2.3,27.3,6.06,2.6,433000000,11.995811770515,333000000,69.697670439279
1284,2.3,27.3,6.18,2.2,421000000,13.025131072333,321000000,76.094728427394
1285,2.3,27.3,6.18,2.3,424000000,12.807249652001,324000000,74.362225813607
1286,2.3,27.3,6.18,2.4,427000000,12.581419406012,327000000,72.749244278583
1287,2.3,27.3,6.18,2.5,430000000,12.34651707319,330000000,71.237153228308
1288,2.3,27.3,6.18,2.6,433000000,12.101197725573,333000000,69.810770479366
1290,2.3,27.3,6.3,2.2,420000000,13.131882486086,320000000,75.243416441166
1291,2.3,27.3,6.3,2.3,423000000,12.912102196723,323000000,73.586752711716
1292,2.3,27.3,6.3,2.4,426000000,12.685591949067,326000000,72.037864909565
1293,2.3,27.3,6.3,2.5,429000000,12.451179917185,329000000,70.580735882281
1294,2.3,27.3,6.3,2.6,432000000,12.207446434689,332000000,69.202085063428
