,Val1,Val2,Val3,T12,fpeak,gain,fimg,img
0,26.7,5.7,26.7,3.2,459000000,9.3836063460924,359000000,65.8046412297894
1,26.7,5.7,26.7,3.3,462000000,9.0410788324231,362000000,64.5634973330461
2,26.7,5.7,26.7,3.4,464000000,8.694130152154,364000000,62.535508657163
3,26.7,5.7,26.7,3.5,467000000,8.3465001841395,367000000,61.4451696657855
4,26.7,5.7,26.7,3.6,470000000,7.9913277456291,370000000,60.3995066240741
6,26.7,5.7,26.82,3.2,458000000,9.5480483458317,358000000,65.4117637124837
7,26.7,5.7,26.82,3.3,461000000,9.2062931732116,361000000,64.1979382359726
8,26.7,5.7,26.82,3.4,463000000,8.8727505574926,363000000,62.2533084134156
9,26.7,5.7,26.82,3.5,466000000,8.5242099034888,366000000,61.1787671651348
10,26.7,5.7,26.82,3.6,469000000,8.1649695062073,369000000,60.1434106082023
12,26.7,5.7,26.94,3.2,457000000,9.7109369106696,357000000,65.0639288555096
13,26.7,5.7,26.94,3.3,459000000,9.3811357857449,359000000,63.0994219276999
14,26.7,5.7,26.94,3.4,462000000,9.0493555506815,362000000,62.0047428412775
15,26.7,5.7,26.94,3.5,465000000,8.7003865930838,365000000,60.9444790140288
16,26.7,5.7,26.94,3.6,468000000,8.3378791334227,368000000,59.9185001640687
18,26.7,5.7,27.06,3.2,456000000,9.8725699787255,356000000,64.7556556642885
19,26.7,5.7,27.06,3.3,458000000,9.5540828172896,358000000,62.8637815038076
20,26.7,5.7,27.06,3.4,461000000,9.2240551528379,361000000,61.7860029959659
21,26.7,5.7,27.06,3.5,464000000,8.8750558480081,364000000,60.7387242299601
22,26.7,5.7,27.06,3.6,467000000,8.5099634763715,367000000,59.7213376971125
24,26.7,5.7,27.18,3.2,455000000,10.033266254089,355000000,64.482520904447
25,26.7,5.7,27.18,3.3,457000000,9.7250858470409,357000000,62.6563030944839
26,26.7,5.7,27.18,3.4,460000000,9.3969799717899,360000000,61.5939340023179
27,26.7,5.7,27.18,3.5,463000000,9.0482797099926,363000000,60.5585288845706
28,26.7,5.7,27.18,3.6,466000000,8.681178986159,366000000,59.549054269321
30,26.7,5.7,27.3,3.2,453000000,10.197985326224,353000000,63.549273854076
31,26.7,5.7,27.3,3.3,456000000,9.8943008616184,356000000,62.4741238476334
32,26.7,5.7,27.3,3.4,459000000,9.5682717132175,359000000,61.4258977922425
33,26.7,5.7,27.3,3.5,462000000,9.2201491475675,362000000,60.4014059570125
34,26.7,5.7,27.3,3.6,465000000,8.8515266368901,365000000,59.3992440868531
36,26.7,5.82,26.7,3.2,458000000,9.4902570968956,358000000,65.0010453422576
37,26.7,5.82,26.7,3.3,461000000,9.1513726485191,361000000,63.8010849290171
38,26.7,5.82,26.7,3.4,464000000,8.7956488327902,364000000,62.6462844997112
39,26.7,5.82,26.7,3.5,466000000,8.444547121698,366000000,60.797796277407
40,26.7,5.82,26.7,3.6,469000000,8.0900253658429,369000000,59.7735310052449
42,26.7,5.82,26.82,3.2,457000000,9.6554096768949,357000000,64.6634562034589
43,26.7,5.82,26.82,3.3,460000000,9.3177198456594,360000000,63.4873419920444
44,26.7,5.82,26.82,3.4,462000000,8.9684658642536,362000000,61.6215202101596
45,26.7,5.82,26.82,3.5,465000000,8.6238978927174,365000000,60.5726206026654
46,26.7,5.82,26.82,3.6,468000000,8.2665881153046,368000000,59.5578893068106
48,26.7,5.82,26.94,3.2,456000000,9.8190092908821,356000000,64.3650354650631
49,26.7,5.82,26.94,3.3,459000000,9.482486587174,359000000,63.210004287201
50,26.7,5.82,26.94,3.4,461000000,9.1454749233713,361000000,61.4113454913883
51,26.7,5.82,26.94,3.5,464000000,8.8013858112199,364000000,60.3755880738069
52,26.7,5.82,26.94,3.6,467000000,8.4419848272061,367000000,59.3696307645711
54,26.7,5.82,27.06,3.2,455000000,9.981361389499,355000000,64.101341639586
55,26.7,5.82,27.06,3.3,458000000,9.6459390096441,358000000,62.9650441876571
56,26.7,5.82,27.06,3.4,460000000,9.3203168429199,360000000,61.2273971610989
57,26.7,5.82,27.06,3.5,463000000,8.9770549625473,363000000,60.2037019242433
58,26.7,5.82,27.06,3.6,466000000,8.6161583868509,366000000,59.2058679744119
60,26.7,5.82,27.18,3.2,454000000,10.142781836748,354000000,63.868750605156
61,26.7,5.82,27.18,3.3,456000000,9.8139166160426,356000000,62.1031762820766
62,26.7,5.82,27.18,3.4,459000000,9.4931065068402,359000000,61.0670058902282
63,26.7,5.82,27.18,3.5,462000000,9.1509741546193,362000000,60.0544484376473
64,26.7,5.82,27.18,3.6,465000000,8.7890926231973,365000000,59.0641734102563
66,26.7,5.82,27.3,3.2,453000000,10.303588210424,353000000,63.664275902134
67,26.7,5.82,27.3,3.3,455000000,9.9819514271053,355000000,61.9507807113043
68,26.7,5.82,27.3,3.4,458000000,9.663952706239,358000000,60.92790469491
69,26.7,5.82,27.3,3.5,461000000,9.3232268473922,361000000,59.9257002427282
70,26.7,5.82,27.3,3.6,464000000,8.9608048574452,364000000,58.9424942635892
72,26.7,5.94,26.7,3.2,457000000,9.5906809318005,357000000,64.2725403093775
73,26.7,5.94,26.7,3.3,460000000,9.2563369785654,360000000,63.1094105291224
74,26.7,5.94,26.7,3.4,463000000,8.9044384167847,363000000,61.9862782749607
75,26.7,5.94,26.7,3.5,466000000,8.5372281894729,366000000,60.9007383983019
76,26.7,5.94,26.7,3.6,468000000,8.1822795790909,368000000,59.1988158278159
78,26.7,5.94,26.82,3.2,456000000,9.7565296339595,356000000,63.9835549341185
79,26.7,5.94,26.82,3.3,459000000,9.4238214441691,359000000,62.8415026751341
80,26.7,5.94,26.82,3.4,462000000,9.0723218136323,362000000,61.7354563987653
81,26.7,5.94,26.82,3.5,464000000,8.7148324355591,364000000,60.0140344524891
82,26.7,5.94,26.82,3.6,467000000,8.3613293456066,367000000,59.0193543490236
84,26.7,5.94,26.94,3.2,455000000,9.9207791188705,355000000,63.7288653122325
85,26.7,5.94,26.94,3.3,458000000,9.5896534867295,358000000,62.6055723430825
86,26.7,5.94,26.94,3.4,461000000,9.238631247349,361000000,61.514747460654
87,26.7,5.94,26.94,3.5,463000000,8.893175255045,363000000,59.850219710721
88,26.7,5.94,26.94,3.6,466000000,8.5387613636497,366000000,58.8639741837277
90,26.7,5.94,27.06,3.2,454000000,10.08372345357,354000000,63.504821021347
91,26.7,5.94,27.06,3.3,457000000,9.7541051856769,357000000,62.3983039749449
92,26.7,5.94,27.06,3.4,459000000,9.4051993271029,359000000,60.7092832751899
93,26.7,5.94,27.06,3.5,462000000,9.0693247564892,362000000,59.7085609225332
94,26.7,5.94,27.06,3.6,465000000,8.7145373796718,365000000,58.7302213762098
96,26.7,5.94,27.18,3.2,453000000,10.245652828119,353000000,63.308404180716
97,26.7,5.94,27.18,3.3,456000000,9.9174601102224,356000000,62.2169579568534
98,26.7,5.94,27.18,3.4,458000000,9.5771481642945,358000000,60.5768980928305
99,26.7,5.94,27.18,3.5,461000000,9.2433314201235,361000000,59.5868936929975
100,26.7,5.94,27.18,3.6,464000000,8.8886477778898,364000000,58.6160120985658
102,26.7,5.94,27.3,3.2,452000000,10.406841422686,352000000,63.137088600224
103,26.7,5.94,27.3,3.3,455000000,10.080003509265,355000000,62.059249415137
104,26.7,5.94,27.3,3.4,457000000,9.7466876252146,357000000,60.4632426450836
105,26.7,5.94,27.3,3.5,460000000,9.4152414432218,360000000,59.4833538891898
106,26.7,5.94,27.3,3.6,463000000,9.0611011898936,363000000,58.5195614512266
108,26.7,6.06,26.7,3.2,456000000,9.6828999418563,356000000,63.6075295782643
109,26.7,6.06,26.7,3.3,459000000,9.3540363458077,359000000,62.4778307546297
110,26.7,6.06,26.7,3.4,462000000,9.0071175081232,362000000,61.3838080805862
111,26.7,6.06,26.7,3.5,465000000,8.6437749703881,365000000,60.3229750310041
112,26.7,6.06,26.7,3.6,468000000,8.267516447557,368000000,59.295277918492
114,26.7,6.06,26.82,3.2,455000000,9.8492565802391,355000000,63.3614560570671
115,26.7,6.06,26.82,3.3,458000000,9.5225178189739,358000000,62.2506492474499
116,26.7,6.06,26.82,3.4,461000000,9.1766170463308,361000000,61.1720289346288
117,26.7,6.06,26.82,3.5,464000000,8.812617598469,364000000,60.122880082301
118,26.7,6.06,26.82,3.6,466000000,8.4463007399518,366000000,58.5197251160448
120,26.7,6.06,26.94,3.2,454000000,10.013884783424,354000000,63.145537998249
121,26.7,6.06,26.94,3.3,457000000,9.689215749297,357000000,62.051674523358
122,26.7,6.06,26.94,3.4,460000000,9.3443805015023,360000000,60.9868706180643
123,26.7,6.06,26.94,3.5,463000000,8.9799470167415,363000000,59.9482110847085
124,26.7,6.06,26.94,3.6,465000000,8.6251190494009,365000000,58.3937302997209
126,26.7,6.06,27.06,3.2,453000000,10.177041613003,353000000,62.956720334128
127,26.7,6.06,27.06,3.3,456000000,9.8543856867681,356000000,61.8781347411371
128,26.7,6.06,27.06,3.4,459000000,9.5106322757518,359000000,60.8257689641638
129,26.7,6.06,27.06,3.5,461000000,9.1484179465885,361000000,59.2452680620925
130,26.7,6.06,27.06,3.6,464000000,8.8017737992388,364000000,58.2867607009698
132,26.7,6.06,27.18,3.2,452000000,10.338960707581,352000000,62.792432667592
133,26.7,6.06,27.18,3.3,455000000,10.018278121135,355000000,61.727706416204
134,26.7,6.06,27.18,3.4,458000000,9.675609575407,358000000,60.686581371211
135,26.7,6.06,27.18,3.5,460000000,9.3215703997032,360000000,59.1478676631532
136,26.7,6.06,27.18,3.6,463000000,8.9762340779889,363000000,58.1969882287649
138,26.7,6.06,27.3,3.2,451000000,10.499835535376,351000000,62.650474288853
139,26.7,6.06,27.3,3.3,454000000,10.181124835867,354000000,61.598415134387
140,26.7,6.06,27.3,3.4,457000000,9.8395514199256,357000000,60.5675002386466
141,26.7,6.06,27.3,3.5,459000000,9.49201728472,359000000,59.066291639844
142,26.7,6.06,27.3,3.6,462000000,9.1484667610785,362000000,58.1228153901055
144,26.7,6.18,26.7,3.2,455000000,9.7642987523055,355000000,62.9954025891665
145,26.7,6.18,26.7,3.3,458000000,9.4419253022312,358000000,61.8965200725912
146,26.7,6.18,26.7,3.4,461000000,9.1011987361638,361000000,60.8297013291748
147,26.7,6.18,26.7,3.5,464000000,8.7431922405436,364000000,59.7923464629336
148,26.7,6.18,26.7,3.6,467000000,8.3706759691552,367000000,58.7840316886942
150,26.7,6.18,26.82,3.2,454000000,9.9307234590789,354000000,62.7872081014109
151,26.7,6.18,26.82,3.3,457000000,9.6110439982871,357000000,61.7055366241401
152,26.7,6.18,26.82,3.4,460000000,9.2720138108344,360000000,60.6528505160934
153,26.7,6.18,26.82,3.5,463000000,8.9141924767779,363000000,59.6263248707369
154,26.7,6.18,26.82,3.6,466000000,8.5396428744769,366000000,58.6250687186889
156,26.7,6.18,26.94,3.2,453000000,10.095160423212,353000000,62.605541314665
157,26.7,6.18,26.94,3.3,456000000,9.7781457861696,356000000,61.5394552047826
158,26.7,6.18,26.94,3.4,459000000,9.4408573649602,359000000,60.4995630412762
159,26.7,6.18,26.94,3.5,462000000,9.0834073723669,362000000,59.4828457588799
160,26.7,6.18,26.94,3.6,465000000,8.7072350692172,365000000,58.4880008918792
162,26.7,6.18,27.06,3.2,452000000,10.257795714332,352000000,62.447780601372
163,26.7,6.18,27.06,3.3,455000000,9.9434394929975,355000000,61.3959068934075
164,26.7,6.18,27.06,3.4,458000000,9.6079316055625,358000000,60.3676574663195
165,26.7,6.18,27.06,3.5,461000000,9.2509976161987,361000000,59.3598510140967
166,26.7,6.18,27.06,3.6,463000000,8.87367616646,363000000,57.86755310444
168,26.7,6.18,27.18,3.2,451000000,10.41876574655,351000000,62.31166486786
169,26.7,6.18,27.18,3.3,454000000,10.107106407861,354000000,61.27286330901
170,26.7,6.18,27.18,3.4,457000000,9.7734326163107,357000000,60.2552796912727
171,26.7,6.18,27.18,3.5,460000000,9.4171382466594,360000000,59.2556016660374
172,26.7,6.18,27.18,3.6,462000000,9.0472682463934,362000000,57.7990582022224
174,26.7,6.18,27.3,3.2,450000000,10.578134608584,350000000,62.195194957415
175,26.7,6.18,27.3,3.3,453000000,10.269281548237,353000000,61.168551240777
176,26.7,6.18,27.3,3.4,456000000,9.9375351174356,356000000,60.1608285571876
177,26.7,6.18,27.3,3.5,459000000,9.5820064810619,359000000,59.1686126388009
178,26.7,6.18,27.3,3.6,461000000,9.2178591270367,361000000,57.7439957197587
180,26.7,6.3,26.7,3.2,455000000,9.855298509718,355000000,63.096839618291
181,26.7,6.3,26.7,3.3,457000000,9.5167242728539,357000000,61.3560512539829
182,26.7,6.3,26.7,3.4,460000000,9.1834911587935,360000000,60.3150960511765
183,26.7,6.3,26.7,3.5,463000000,8.8323633027741,363000000,59.3004668794761
184,26.7,6.3,26.7,3.6,466000000,8.4654323389799,366000000,58.3113756010209
186,26.7,6.3,26.82,3.2,454000000,10.013152431062,354000000,62.880240837192
187,26.7,6.3,26.82,3.3,456000000,9.6858094880154,356000000,61.1970637936474
188,26.7,6.3,26.82,3.4,459000000,9.3550488899962,359000000,60.1693562324492
189,26.7,6.3,26.82,3.5,462000000,9.0050215048986,362000000,59.1650176492706
190,26.7,6.3,26.82,3.6,465000000,8.6371733602855,365000000,58.1828219943025
192,26.7,6.3,26.94,3.2,453000000,10.170157519325,353000000,62.691311482351
193,26.7,6.3,26.94,3.3,455000000,9.8524871038047,355000000,61.0599723645857
194,26.7,6.3,26.94,3.4,458000000,9.5242759664439,358000000,60.0444084343609
195,26.7,6.3,26.94,3.5,461000000,9.1755329329685,361000000,59.0495099537235
196,26.7,6.3,26.94,3.6,464000000,8.8071361343566,364000000,58.0736680036256
198,26.7,6.3,27.06,3.2,452000000,10.326688797961,352000000,62.527618818659
199,26.7,6.3,27.06,3.3,454000000,10.016879762018,354000000,60.94268654446
200,26.7,6.3,27.06,3.4,457000000,9.6913173627321,357000000,59.9383440061331
201,26.7,6.3,27.06,3.5,460000000,9.3440298853493,360000000,58.9521586195113
202,26.7,6.3,27.06,3.6,463000000,8.9754002699302,363000000,57.9821925342242
204,26.7,6.3,27.18,3.2,451000000,10.483108784671,351000000,62.387127794664
205,26.7,6.3,27.18,3.3,453000000,10.17905276269,353000000,60.84336026805
206,26.7,6.3,27.18,3.4,456000000,9.856286430918,356000000,59.849497212942
207,26.7,6.3,27.18,3.5,459000000,9.5106376925752,359000000,58.8714234340352
208,26.7,6.3,27.18,3.6,462000000,9.1420613699527,362000000,57.9069234903567
210,26.7,6.3,27.3,3.2,450000000,10.639752429764,350000000,62.268110053908
211,26.7,6.3,27.3,3.3,452000000,10.338988958752,352000000,60.760314294136
212,26.7,6.3,27.3,3.4,455000000,10.019244137572,355000000,59.776377673801
213,26.7,6.3,27.3,3.5,458000000,9.6754578828724,358000000,58.8059501131204
214,26.7,6.3,27.3,3.6,461000000,9.307217799153,361000000,57.846586135945
216,26.82,5.7,26.7,3.2,459000000,9.4029411468744,359000000,65.9204552191404
217,26.82,5.7,26.7,3.3,461000000,9.0665149605488,361000000,63.7930507644888
218,26.82,5.7,26.7,3.4,464000000,8.7276976344216,364000000,62.6510584196416
219,26.82,5.7,26.7,3.5,467000000,8.3757567502223,367000000,61.5530779456853
220,26.82,5.7,26.7,3.6,470000000,8.0161060184564,370000000,60.4999545548944
222,26.82,5.7,26.82,3.2,458000000,9.565186828036,358000000,65.523787686981
223,26.82,5.7,26.82,3.3,460000000,9.2421462308477,360000000,63.4871461850427
224,26.82,5.7,26.82,3.4,463000000,8.9043244246006,363000000,62.3657071080286
225,26.82,5.7,26.82,3.5,466000000,8.5511930999271,366000000,61.2833481282451
226,26.82,5.7,26.82,3.6,469000000,8.1872234018605,369000000,60.2403705410315
228,26.82,5.7,26.94,3.2,456000000,9.7332784352968,356000000,64.3575390739648
229,26.82,5.7,26.94,3.3,459000000,9.415666973705,359000000,63.217115727989
230,26.82,5.7,26.94,3.4,462000000,9.0790668125234,362000000,62.1141206915374
231,26.82,5.7,26.94,3.5,465000000,8.725204426848,365000000,61.045837594982
232,26.82,5.7,26.94,3.6,468000000,8.3576967062605,368000000,60.0120552298795
234,26.82,5.7,27.06,3.2,455000000,9.9022853257922,355000000,64.0989175059792
235,26.82,5.7,27.06,3.3,458000000,9.5872607516644,358000000,62.9788506685634
236,26.82,5.7,27.06,3.4,461000000,9.2520546262699,361000000,61.8925113956139
237,26.82,5.7,27.06,3.5,464000000,8.8978321869449,364000000,60.8369825331349
238,26.82,5.7,27.06,3.6,467000000,8.5274449973969,367000000,59.8115844958229
240,26.82,5.7,27.18,3.2,454000000,10.069513171037,354000000,63.870556860016
241,26.82,5.7,27.18,3.3,457000000,9.75711938194,357000000,62.768961276078
242,26.82,5.7,27.18,3.4,460000000,9.4234418994084,360000000,61.6977490555884
243,26.82,5.7,27.18,3.5,463000000,9.0691571947553,363000000,60.6538290290363
244,26.82,5.7,27.18,3.6,465000000,8.7040953310925,365000000,59.0356350436225
246,26.82,5.7,27.3,3.2,453000000,10.235140326473,353000000,63.669332756717
247,26.82,5.7,27.3,3.3,456000000,9.9254323958926,356000000,62.5846194735826
248,26.82,5.7,27.3,3.4,459000000,9.5933981869859,359000000,61.5272246603139
249,26.82,5.7,27.3,3.5,462000000,9.2392927948912,362000000,60.4939136135042
250,26.82,5.7,27.3,3.6,464000000,8.8828261621215,364000000,58.9199216756825
252,26.82,5.82,26.7,3.2,458000000,9.5122502008092,358000000,65.1128220493012
253,26.82,5.82,26.7,3.3,461000000,9.1696451772536,361000000,63.9049440463896
254,26.82,5.82,26.7,3.4,463000000,8.8263488644424,363000000,61.9750959710864
255,26.82,5.82,26.7,3.5,466000000,8.4771770333285,366000000,60.9042275428065
256,26.82,5.82,26.7,3.6,469000000,8.1179609518713,369000000,59.8725521238513
258,26.82,5.82,26.82,3.2,457000000,9.6753344561506,357000000,64.7717491865676
259,26.82,5.82,26.82,3.3,459000000,9.3367381449368,359000000,62.8237553119128
260,26.82,5.82,26.82,3.4,462000000,9.0038363022358,362000000,61.7326736957048
261,26.82,5.82,26.82,3.5,465000000,8.6544126720737,365000000,60.6759850761677
262,26.82,5.82,26.82,3.6,468000000,8.2921185259918,368000000,59.6536328776998
264,26.82,5.82,26.94,3.2,456000000,9.8370018540975,356000000,64.4699865060155
265,26.82,5.82,26.94,3.3,458000000,9.5102230228843,358000000,62.5941629010953
266,26.82,5.82,26.94,3.4,461000000,9.1792113509387,361000000,61.5198213237017
267,26.82,5.82,26.94,3.5,464000000,8.829921162045,364000000,60.476018024469
268,26.82,5.82,26.94,3.6,467000000,8.4652212933922,367000000,59.4622030411602
270,26.82,5.82,27.06,3.2,455000000,9.9975779162335,355000000,64.2031140400865
271,26.82,5.82,27.06,3.3,457000000,9.681577535549,357000000,62.392481519811
272,26.82,5.82,27.06,3.4,460000000,9.3526080358502,360000000,61.3333837740852
273,26.82,5.82,27.06,3.5,463000000,9.0037674770486,363000000,60.3013516608276
274,26.82,5.82,27.06,3.6,466000000,8.6372287039779,366000000,59.2953928759909
276,26.82,5.82,27.18,3.2,454000000,10.157402896395,354000000,63.967533397969
277,26.82,5.82,27.18,3.3,456000000,9.850962344331,356000000,62.215849879372
278,26.82,5.82,27.18,3.4,459000000,9.5241712830393,359000000,61.1707228956313
279,26.82,5.82,27.18,3.5,462000000,9.1760450777846,362000000,60.1494980179876
280,26.82,5.82,27.18,3.6,465000000,8.8081441423423,365000000,59.1507954661843
282,26.82,5.82,27.3,3.2,452000000,10.320446626974,352000000,63.118347347857
283,26.82,5.82,27.3,3.3,455000000,10.018516856909,355000000,62.06183842417
284,26.82,5.82,27.3,3.4,458000000,9.6940454302211,358000000,61.0296083230831
285,26.82,5.82,27.3,3.5,461000000,9.3468666808707,361000000,60.0183600226107
286,26.82,5.82,27.3,3.6,464000000,8.9780081914038,364000000,59.0263822721618
288,26.82,5.94,26.7,3.2,457000000,9.6162082194944,357000000,64.3819274665704
289,26.82,5.94,26.7,3.3,460000000,9.2779020091704,360000000,63.2110521779844
290,26.82,5.94,26.7,3.4,463000000,8.9219323201204,363000000,62.0804733477864
291,26.82,5.94,26.7,3.5,465000000,8.5711274101358,365000000,60.3088659851998
292,26.82,5.94,26.7,3.6,468000000,8.2142103231946,368000000,59.2977033929696
294,26.82,5.94,26.82,3.2,456000000,9.7801807621089,356000000,64.0898002992229
295,26.82,5.94,26.82,3.3,459000000,9.4432010446885,359000000,62.9398134248285
296,26.82,5.94,26.82,3.4,461000000,9.0940157247181,361000000,61.1499640883321
297,26.82,5.94,26.82,3.5,464000000,8.7498163213406,364000000,60.1175974586786
298,26.82,5.94,26.82,3.6,467000000,8.3910374106138,367000000,59.1152255724778
300,26.82,5.94,26.94,3.2,455000000,9.9427261922503,355000000,63.8321447378043
301,26.82,5.94,26.94,3.3,458000000,9.6069908725855,358000000,62.7006962206145
302,26.82,5.94,26.94,3.4,460000000,9.2696126682253,360000000,60.9715305112313
303,26.82,5.94,26.94,3.5,463000000,8.9264415532141,363000000,59.9511977402871
304,26.82,5.94,26.94,3.6,466000000,8.5663881336807,366000000,58.9569655067767
306,26.82,5.94,27.06,3.2,454000000,10.104165359586,354000000,63.605338425169
307,26.82,5.94,27.06,3.3,457000000,9.7695652047231,357000000,62.4904078848911
308,26.82,5.94,27.06,3.4,459000000,9.4429240286164,359000000,60.8163757680924
309,26.82,5.94,27.06,3.5,462000000,9.1010716084453,362000000,59.8071494903243
310,26.82,5.94,27.06,3.6,465000000,8.7402462880687,365000000,58.8204922632897
312,26.82,5.94,27.18,3.2,453000000,10.26482077555,353000000,63.406396996578
313,26.82,5.94,27.18,3.3,455000000,9.9324418645331,355000000,61.7021360131061
314,26.82,5.94,27.18,3.4,458000000,9.6140580982223,358000000,60.6822294125573
315,26.82,5.94,27.18,3.5,461000000,9.2737888155557,361000000,59.6833211344447
316,26.82,5.94,27.18,3.6,464000000,8.9126282031873,364000000,58.7037488941683
318,26.82,5.94,27.3,3.2,452000000,10.42500570815,352000000,63.232834459239
319,26.82,5.94,27.3,3.3,454000000,10.098334788762,354000000,61.574686428388
320,26.82,5.94,27.3,3.4,457000000,9.783101342115,357000000,60.567132306153
321,26.82,5.94,27.3,3.5,460000000,9.4446769613521,360000000,59.5778870558321
322,26.82,5.94,27.3,3.6,463000000,9.0835732188714,363000000,58.6049821034764
324,26.82,6.06,26.7,3.2,456000000,9.7129692957712,356000000,63.7161827167542
325,26.82,6.06,26.7,3.3,459000000,9.3798617403212,359000000,62.5788089794692
326,26.82,6.06,26.7,3.4,462000000,9.0285917682816,362000000,61.4773636898856
327,26.82,6.06,26.7,3.5,465000000,8.6607739166238,365000000,60.4092965678438
328,26.82,6.06,26.7,3.6,467000000,8.3022335228028,367000000,58.7669578666558
330,26.82,6.06,26.82,3.2,455000000,9.8777219585712,355000000,63.4673665914562
331,26.82,6.06,26.82,3.3,458000000,9.546385678316,358000000,62.348636067531
332,26.82,6.06,26.82,3.4,461000000,9.1958059706644,361000000,61.2623563341044
333,26.82,6.06,26.82,3.5,463000000,8.8345949087932,363000000,59.5997598076242
334,26.82,6.06,26.82,3.6,466000000,8.4812098106496,366000000,58.6171288793916
336,26.82,6.06,26.94,3.2,454000000,10.0409644707,354000000,63.248926530707
337,26.82,6.06,26.94,3.3,457000000,9.7113095891659,357000000,62.1468533493239
338,26.82,6.06,26.94,3.4,460000000,9.3614359384561,360000000,61.0741196025281
339,26.82,6.06,26.94,3.5,462000000,9.0117347192686,362000000,59.4632570926586
340,26.82,6.06,26.94,3.6,465000000,8.6582451860034,365000000,58.4886209942284
342,26.82,6.06,27.06,3.2,453000000,10.20298900685,353000000,63.05784371942
343,26.82,6.06,27.06,3.3,456000000,9.8749181235983,356000000,61.9707191875673
344,26.82,6.06,27.06,3.4,459000000,9.5257294541051,359000000,60.9101137703981
345,26.82,6.06,27.06,3.5,461000000,9.1864481828805,361000000,59.3464313162965
346,26.82,6.06,27.06,3.6,464000000,8.8333256634814,364000000,58.3793430052314
348,26.82,6.06,27.18,3.2,452000000,10.364071275273,352000000,62.891590897171
349,26.82,6.06,27.18,3.3,455000000,10.037496772778,355000000,61.817946139972
350,26.82,6.06,27.18,3.4,457000000,9.6893010396592,357000000,60.2238999420952
351,26.82,6.06,27.18,3.5,460000000,9.3587753194958,360000000,59.2474094150668
352,26.82,6.06,27.18,3.6,463000000,9.0064540306169,363000000,58.2875013531409
354,26.82,6.06,27.3,3.2,451000000,10.524455208041,351000000,62.748018814342
355,26.82,6.06,27.3,3.3,454000000,10.199319518172,354000000,61.686602969998
356,26.82,6.06,27.3,3.4,456000000,9.8563351805067,356000000,60.1313484924727
357,26.82,6.06,27.3,3.5,459000000,9.5287341484828,359000000,59.1645480020818
358,26.82,6.06,27.3,3.6,462000000,9.1776368009839,362000000,58.2115389826869
360,26.82,6.18,26.7,3.2,455000000,9.8000592165883,355000000,63.1050192466693
361,26.82,6.18,26.7,3.3,458000000,9.4731198958583,358000000,61.9984424806193
362,26.82,6.18,26.7,3.4,461000000,9.1277188929343,361000000,60.9241400721673
363,26.82,6.18,26.7,3.5,464000000,8.7649182720044,364000000,59.8794607507964
364,26.82,6.18,26.7,3.6,467000000,8.3874615168365,367000000,58.8639205218765
366,26.82,6.18,26.82,3.2,454000000,9.9652492602946,354000000,62.8945601000306
367,26.82,6.18,26.82,3.3,457000000,9.6406009943127,357000000,61.8048834537197
368,26.82,6.18,26.82,3.4,460000000,9.2965169839041,360000000,60.7444145866331
369,26.82,6.18,26.82,3.5,463000000,8.9335522555354,363000000,59.7102857396484
370,26.82,6.18,26.82,3.6,465000000,8.5591829947078,365000000,58.1513787025348
372,26.82,6.18,26.94,3.2,453000000,10.128727838412,353000000,62.710906182663
373,26.82,6.18,26.94,3.3,456000000,9.8063002610471,356000000,61.6364607641581
374,26.82,6.18,26.94,3.4,459000000,9.4635402827123,359000000,60.5884467648103
375,26.82,6.18,26.94,3.5,462000000,9.1005629499043,362000000,59.5638115216423
376,26.82,6.18,26.94,3.6,464000000,8.7370719918305,364000000,58.0493295352885
378,26.82,6.18,27.06,3.2,452000000,10.290726097765,352000000,62.551481960382
379,26.82,6.18,27.06,3.3,455000000,9.9704647936714,355000000,61.4908447429694
380,26.82,6.18,27.06,3.4,458000000,9.629022613216,358000000,60.454087728816
381,26.82,6.18,27.06,3.5,461000000,9.266136347586,361000000,59.438006191532
382,26.82,6.18,27.06,3.6,463000000,8.9124293705553,363000000,57.9641191110113
384,26.82,6.18,27.18,3.2,451000000,10.451433997482,351000000,62.414080840266
385,26.82,6.18,27.18,3.3,454000000,10.133321543648,354000000,61.366053601187
386,26.82,6.18,27.18,3.4,457000000,9.793197924371,357000000,60.339522143022
387,26.82,6.18,27.18,3.5,460000000,9.4304778919745,360000000,59.3311620501185
388,26.82,6.18,27.18,3.6,462000000,9.0852096848994,362000000,57.8941350872864
390,26.82,6.18,27.3,3.2,450000000,10.610979209465,350000000,62.2967681453
391,26.82,6.18,27.3,3.3,453000000,10.295060072307,353000000,61.260369550066
392,26.82,6.18,27.3,3.4,456000000,9.9562863998343,356000000,60.2431951663903
393,26.82,6.18,27.3,3.5,458000000,9.5939076700506,358000000,58.7697643051176
394,26.82,6.18,27.3,3.6,461000000,9.2553457483295,361000000,57.8379379507695
396,26.82,6.3,26.7,3.2,454000000,9.8742459966474,354000000,62.5384082633184
397,26.82,6.3,26.7,3.3,457000000,9.5545421287298,357000000,61.4605996963368
398,26.82,6.3,26.7,3.4,460000000,9.2162700270788,360000000,60.4120242387858
399,26.82,6.3,26.7,3.5,463000000,8.859984442417,363000000,59.389906316589
400,26.82,6.3,26.7,3.6,466000000,8.4877558371255,366000000,58.3934073521985
402,26.82,6.3,26.82,3.2,453000000,10.039202253817,353000000,62.361747593999
403,26.82,6.3,26.82,3.3,456000000,9.7224196736772,356000000,61.2995495880962
404,26.82,6.3,26.82,3.4,459000000,9.3861839683373,359000000,60.2638569525533
405,26.82,6.3,26.82,3.5,462000000,9.0305901115957,362000000,59.2516837399787
406,26.82,6.3,26.82,3.6,465000000,8.6570703398137,365000000,58.2617621597117
408,26.82,6.3,26.94,3.2,452000000,10.202069299225,352000000,62.208657849782
409,26.82,6.3,26.94,3.3,455000000,9.8881889363651,355000000,61.1606935837191
410,26.82,6.3,26.94,3.4,458000000,9.5540211080647,358000000,60.1367329120487
411,26.82,6.3,26.94,3.5,461000000,9.199260711015,361000000,59.133610637312
412,26.82,6.3,26.94,3.6,464000000,8.82478042195,364000000,58.149685702319
414,26.82,6.3,27.06,3.2,451000000,10.362974930357,351000000,62.076866921278
415,26.82,6.3,27.06,3.3,454000000,10.052021575556,354000000,61.041991154952
416,26.82,6.3,27.06,3.4,457000000,9.7199680003357,357000000,60.0287858885897
417,26.82,6.3,27.06,3.5,460000000,9.3661628307719,360000000,59.0339369344369
418,26.82,6.3,27.06,3.6,463000000,8.9909930701292,363000000,58.0554850357022
420,26.82,6.3,27.18,3.2,450000000,10.521972962394,350000000,61.964363210554
421,26.82,6.3,27.18,3.3,453000000,10.214040799896,353000000,60.941654978432
422,26.82,6.3,27.18,3.4,456000000,9.8841873528331,356000000,59.9384003078451
423,26.82,6.3,27.18,3.5,459000000,9.5314626582948,359000000,58.9511640506558
424,26.82,6.3,27.18,3.6,462000000,9.1558366035202,362000000,57.9777215252442
426,26.82,6.3,27.3,3.2,449000000,10.679014959231,349000000,61.869307988604
427,26.82,6.3,27.3,3.3,452000000,10.374297824009,352000000,60.858074964486
428,26.82,6.3,27.3,3.4,455000000,10.046798774859,355000000,59.86414519867
429,26.82,6.3,27.3,3.5,458000000,9.6953105274264,358000000,58.8839872496754
430,26.82,6.3,27.3,3.6,461000000,9.3194486482971,361000000,57.9151604128381
432,26.94,5.7,26.7,3.2,458000000,9.4269215457647,358000000,65.1094417625197
433,26.94,5.7,26.7,3.3,461000000,9.1003312881341,361000000,63.9129284672071
434,26.94,5.7,26.7,3.4,464000000,8.7574386861671,364000000,62.7630772587881
435,26.94,5.7,26.7,3.5,467000000,8.4012986413318,367000000,61.6575238031028
436,26.94,5.7,26.7,3.6,470000000,8.0372816719046,370000000,60.5970155333396
438,26.94,5.7,26.82,3.2,457000000,9.5985972171216,357000000,64.7753494011106
439,26.94,5.7,26.82,3.3,460000000,9.2741597623134,360000000,63.6039263007754
440,26.94,5.7,26.82,3.4,463000000,8.9319730616702,363000000,62.4744608491852
441,26.94,5.7,26.82,3.5,466000000,8.5743779531146,366000000,61.3843699160696
442,26.94,5.7,26.82,3.6,469000000,8.2058074597388,369000000,60.3338649835678
444,26.94,5.7,26.94,3.2,456000000,9.7682613686542,356000000,64.4799756819422
445,26.94,5.7,26.94,3.3,459000000,9.4460237339687,359000000,63.3309467394197
446,26.94,5.7,26.94,3.4,462000000,9.1047445229171,362000000,62.2197303263081
447,26.94,5.7,26.94,3.5,465000000,8.7461319140882,365000000,61.1435321258922
448,26.94,5.7,26.94,3.6,467000000,8.3789230882114,367000000,59.4347215207354
450,26.94,5.7,27.06,3.2,455000000,9.9361470313703,355000000,64.2188096774903
451,26.94,5.7,27.06,3.3,458000000,9.6161290060762,358000000,63.0899047284952
452,26.94,5.7,27.06,3.4,461000000,9.2759010162681,361000000,61.9951174153281
453,26.94,5.7,27.06,3.5,464000000,8.9166162402009,364000000,60.9314622065049
454,26.94,5.7,27.06,3.6,466000000,8.5599977435456,366000000,59.2759268493686
456,26.94,5.7,27.18,3.2,454000000,10.102484355685,354000000,63.988144313018
457,26.94,5.7,27.18,3.3,457000000,9.7846937942935,357000000,62.8774382705105
458,26.94,5.7,27.18,3.4,460000000,9.4456181195576,360000000,61.7975147962596
459,26.94,5.7,27.18,3.5,463000000,9.0859287251912,363000000,60.7452244813082
460,26.94,5.7,27.18,3.6,465000000,8.7393485406821,365000000,59.1387073145071
462,26.94,5.7,27.3,3.2,453000000,10.267488978172,353000000,63.784893737759
463,26.94,5.7,27.3,3.3,456000000,9.9519390852741,356000000,62.6907519863251
464,26.94,5.7,27.3,3.4,459000000,9.6140911446697,359000000,61.6243404357857
465,26.94,5.7,27.3,3.5,461000000,9.2589053082983,361000000,59.9887076200033
466,26.94,5.7,27.3,3.6,464000000,8.9169096014285,364000000,59.0209289954785
468,26.94,5.82,26.7,3.2,458000000,9.5300656103144,358000000,65.2208304511704
469,26.94,5.82,26.7,3.3,460000000,9.1983873891954,360000000,63.2025869908254
470,26.94,5.82,26.7,3.4,463000000,8.8594748539212,363000000,62.0852798619282
471,26.94,5.82,26.7,3.5,466000000,8.5058796618546,366000000,61.0069283119106
472,26.94,5.82,26.7,3.6,469000000,8.1420842772384,369000000,59.9679272493704
474,26.94,5.82,26.82,3.2,456000000,9.6917843869365,356000000,64.0752215731755
475,26.94,5.82,26.82,3.3,459000000,9.3725815026603,359000000,62.9389154139623
476,26.94,5.82,26.82,3.4,462000000,9.0350467387279,362000000,61.8398873490159
477,26.94,5.82,26.82,3.5,465000000,8.6808972179046,365000000,60.7755052580556
478,26.94,5.82,26.82,3.6,468000000,8.3137506680956,368000000,59.7456350398796
480,26.94,5.82,26.94,3.2,455000000,9.8611669800132,355000000,63.8229491561382
481,26.94,5.82,26.94,3.3,458000000,9.5446584865878,358000000,62.7067555413048
482,26.94,5.82,26.94,3.4,461000000,9.2086583805463,361000000,61.6242155717743
483,26.94,5.82,26.94,3.5,464000000,8.8543133568888,364000000,60.5724800845138
484,26.94,5.82,26.94,3.6,467000000,8.4844648443013,367000000,59.5509299767583
486,26.94,5.82,27.06,3.2,454000000,10.028605916596,354000000,63.600691114443
487,26.94,5.82,27.06,3.3,457000000,9.7148147775265,357000000,62.5027187405205
488,26.94,5.82,27.06,3.4,460000000,9.3804674394436,360000000,61.4351342992066
489,26.94,5.82,27.06,3.5,463000000,9.0262121401988,363000000,60.3948983181548
490,26.94,5.82,27.06,3.6,466000000,8.654201121894,366000000,59.380958303576
492,26.94,5.82,27.18,3.2,453000000,10.194286358045,353000000,63.405327003645
493,26.94,5.82,27.18,3.3,456000000,9.8832446081245,356000000,62.3239784769255
494,26.94,5.82,27.18,3.4,459000000,9.5506468429492,359000000,61.2700345304812
495,26.94,5.82,27.18,3.5,462000000,9.1967096747989,362000000,60.2402957474259
496,26.94,5.82,27.18,3.6,464000000,8.8273902350886,364000000,58.6707291801736
498,26.94,5.82,27.3,3.2,452000000,10.358358179066,352000000,63.234208620387
499,26.94,5.82,27.3,3.3,455000000,10.050127174875,355000000,62.168146090797
500,26.94,5.82,27.3,3.4,458000000,9.7193742414756,358000000,61.1267202966026
501,26.94,5.82,27.3,3.5,461000000,9.3659457028387,361000000,60.1066033776827
502,26.94,5.82,27.3,3.6,463000000,9.0044338455355,363000000,58.5770805499575
504,26.94,5.94,26.7,3.2,457000000,9.6372835879969,357000000,64.4871896963269
505,26.94,5.94,26.7,3.3,460000000,9.2951932092449,360000000,63.3086960955129
506,26.94,5.94,26.7,3.4,462000000,8.9534202257488,362000000,61.4641353440318
507,26.94,5.94,26.7,3.5,465000000,8.6038496274913,365000000,60.4111823541633
508,26.94,5.94,26.7,3.6,468000000,8.242106240998,368000000,59.392681795975
510,26.94,5.94,26.82,3.2,456000000,9.7992548370123,356000000,64.1917782816483
511,26.94,5.94,26.82,3.3,458000000,9.4614076685393,358000000,62.3278620619013
512,26.94,5.94,26.82,3.4,461000000,9.1297498025082,361000000,61.2571287152242
513,26.94,5.94,26.82,3.5,464000000,8.7805254741503,364000000,60.2170279714193
514,26.94,5.94,26.82,3.6,467000000,8.41660323525,367000000,59.207072353061
516,26.94,5.94,26.94,3.2,455000000,9.9599566219992,355000000,63.9310002787592
517,26.94,5.94,26.94,3.3,457000000,9.6333126198827,357000000,62.1318458499547
518,26.94,5.94,26.94,3.4,460000000,9.3038698281418,360000000,61.0762625185028
519,26.94,5.94,26.94,3.5,463000000,8.955297004594,363000000,60.047898250155
520,26.94,5.94,26.94,3.6,466000000,8.5897548639813,366000000,59.0458068193133
522,26.94,5.94,27.06,3.2,454000000,10.119734176104,354000000,63.701259010581
523,26.94,5.94,27.06,3.3,456000000,9.8030327500195,356000000,61.9606071032905
524,26.94,5.94,27.06,3.4,459000000,9.4759256486475,359000000,60.9188957282845
525,26.94,5.94,27.06,3.5,462000000,9.1282578512515,362000000,59.9013020107915
526,26.94,5.94,27.06,3.6,465000000,8.7615650674348,365000000,58.9064753925588
528,26.94,5.94,27.18,3.2,453000000,10.278939647125,353000000,63.499600954864
529,26.94,5.94,27.18,3.3,455000000,9.9707085741865,355000000,61.8117145177855
530,26.94,5.94,27.18,3.4,458000000,9.6460613823373,358000000,60.7827947438793
531,26.94,5.94,27.18,3.5,461000000,9.2995200335066,361000000,59.7751383533646
532,26.94,5.94,27.18,3.6,464000000,8.9320740002538,364000000,58.7870458958468
534,26.94,5.94,27.3,3.2,452000000,10.437922396614,352000000,63.323577330882
535,26.94,5.94,27.3,3.3,454000000,10.136442073759,354000000,61.683065907953
536,26.94,5.94,27.3,3.4,457000000,9.814405850813,357000000,60.666043748599
537,26.94,5.94,27.3,3.5,460000000,9.4692025717261,360000000,59.6676178311031
538,26.94,5.94,27.3,3.6,463000000,9.1013493566477,363000000,58.6857942929157
540,26.94,6.06,26.7,3.2,456000000,9.7382933246394,356000000,63.8203505269984
541,26.94,6.06,26.7,3.3,459000000,9.4011258069848,359000000,62.6754435544788
542,26.94,6.06,26.7,3.4,462000000,9.0456868734691,362000000,61.5667222319531
543,26.94,6.06,26.7,3.5,464000000,8.6926960793466,364000000,59.8614445872156
544,26.94,6.06,26.7,3.6,467000000,8.3348398137821,367000000,58.8628762452251
546,26.94,6.06,26.82,3.2,455000000,9.9012906212169,355000000,63.5686260942079
547,26.94,6.06,26.82,3.3,458000000,9.5655590671828,358000000,62.4421338972928
548,26.94,6.06,26.82,3.4,460000000,9.2133386341622,360000000,60.7173147373982
549,26.94,6.06,26.82,3.5,463000000,8.8705801350856,363000000,59.7005697809186
550,26.94,6.06,26.82,3.6,466000000,8.5117222940273,366000000,58.7102215507743
552,26.94,6.06,26.94,3.2,454000000,10.062979281577,354000000,63.347481880853
553,26.94,6.06,26.94,3.3,457000000,9.7285605670781,357000000,62.2373828384551
554,26.94,6.06,26.94,3.4,459000000,9.387389942067,359000000,60.567343991264
555,26.94,6.06,26.94,3.5,462000000,9.0461941507162,362000000,59.5617424211362
556,26.94,6.06,26.94,3.6,465000000,8.6868315812935,365000000,58.5790509095205
558,26.94,6.06,27.06,3.2,453000000,10.223683978964,353000000,63.153932722072
559,26.94,6.06,27.06,3.3,456000000,9.8904415081621,356000000,62.0584764072411
560,26.94,6.06,27.06,3.4,458000000,9.5589943050985,358000000,60.4380718869535
561,26.94,6.06,27.06,3.5,461000000,9.2196162227064,361000000,59.4428236808584
562,26.94,6.06,27.06,3.6,464000000,8.8601804020716,364000000,58.4673007028486
564,26.94,6.06,27.18,3.2,452000000,10.383719616407,352000000,62.985491629359
565,26.94,6.06,27.18,3.3,455000000,10.051519536253,355000000,61.903160367888
566,26.94,6.06,27.18,3.4,457000000,9.7282329547579,357000000,60.3275313401299
567,26.94,6.06,27.18,3.5,460000000,9.3909245088086,360000000,59.3419795102396
568,26.94,6.06,27.18,3.6,463000000,9.0318029900142,363000000,58.3732096595472
570,26.94,6.06,27.3,3.2,451000000,10.543377461889,351000000,62.840057693543
571,26.94,6.06,27.3,3.3,454000000,10.212107667344,354000000,61.769543507292
572,26.94,6.06,27.3,3.4,456000000,9.895145558189,356000000,60.233987916333
573,26.94,6.06,27.3,3.5,459000000,9.5601819633408,359000000,59.2576122935838
574,26.94,6.06,27.3,3.6,462000000,9.2017430467491,362000000,58.2952587201411
576,26.94,6.18,26.7,3.2,455000000,9.830767946285,355000000,63.209789287298
577,26.94,6.18,26.7,3.3,458000000,9.4994493347607,358000000,62.0956694138897
578,26.94,6.18,26.7,3.4,461000000,9.1495594532857,361000000,61.0140390010027
579,26.94,6.18,26.7,3.5,464000000,8.7821498167528,364000000,59.9621949647028
580,26.94,6.18,26.7,3.6,466000000,8.4171736305156,366000000,58.3703646619936
582,26.94,6.18,26.82,3.2,454000000,9.994543651542,354000000,62.99687389466
583,26.94,6.18,26.82,3.3,457000000,9.6651310133455,357000000,61.8993628023145
584,26.94,6.18,26.82,3.4,460000000,9.3161986761214,360000000,60.8312881924084
585,26.94,6.18,26.82,3.5,463000000,8.9482974184967,363000000,59.7897388124717
586,26.94,6.18,26.82,3.6,465000000,8.5957860501099,365000000,58.2471975959119
588,26.94,6.18,26.94,3.2,453000000,10.156865259774,353000000,62.811022608618
589,26.94,6.18,26.94,3.3,456000000,9.8292483155022,356000000,61.7284094099472
590,26.94,6.18,26.94,3.4,459000000,9.4812438367595,359000000,60.6724735212185
591,26.94,6.18,26.94,3.5,461000000,9.1233122185879,361000000,59.1058831767299
592,26.94,6.18,26.94,3.6,464000000,8.7721220679582,364000000,58.1429197138462
594,26.94,6.18,27.06,3.2,452000000,10.318006320349,352000000,62.649703324154
595,26.94,6.18,27.06,3.3,455000000,9.9920838767219,355000000,61.5805160981499
596,26.94,6.18,27.06,3.4,458000000,9.6449576944226,358000000,60.5354759993096
597,26.94,6.18,27.06,3.5,460000000,9.2962448964959,360000000,59.0113473819889
598,26.94,6.18,27.06,3.6,463000000,8.946175137585,363000000,58.055725376835
600,26.94,6.18,27.18,3.2,451000000,10.478207497283,351000000,62.510761117822
601,26.94,6.18,27.18,3.3,454000000,10.153907326524,354000000,61.453744695025
602,26.94,6.18,27.18,3.4,457000000,9.8076090820278,357000000,60.4185160835178
603,26.94,6.18,27.18,3.5,459000000,9.4664685880299,359000000,58.9326008636369
604,26.94,6.18,27.18,3.6,462000000,9.1179402687758,362000000,57.9840434509128
606,26.94,6.18,27.3,3.2,450000000,10.637657105653,350000000,62.392322859659
607,26.94,6.18,27.3,3.3,453000000,10.314959553914,353000000,61.346429625838
608,26.94,6.18,27.3,3.4,456000000,9.9694603521142,356000000,60.3200819644852
609,26.94,6.18,27.3,3.5,458000000,9.6339449884226,358000000,58.8681510546226
610,26.94,6.18,27.3,3.6,461000000,9.2873977308483,361000000,57.9264826024333
612,26.94,6.3,26.7,3.2,454000000,9.9116283484887,354000000,62.6455475239107
613,26.94,6.3,26.7,3.3,457000000,9.5871837493949,357000000,61.5601019100909
614,26.94,6.3,26.7,3.4,460000000,9.2440570254807,360000000,60.5040653024987
615,26.94,6.3,26.7,3.5,463000000,8.8827986839039,363000000,59.4746221173079
616,26.94,6.3,26.7,3.6,466000000,8.5054589579596,366000000,58.4708836268596
618,26.94,6.3,26.82,3.2,453000000,10.075624770245,353000000,62.466980695175
619,26.94,6.3,26.82,3.3,456000000,9.7536616884297,356000000,61.3967886653157
620,26.94,6.3,26.82,3.4,459000000,9.412154316179,359000000,60.353290308982
621,26.94,6.3,26.82,3.5,462000000,9.0512004797828,362000000,59.3334684499208
622,26.94,6.3,26.82,3.6,465000000,8.6722192381432,365000000,58.3360135566152
624,26.94,6.3,26.94,3.2,452000000,10.237858592714,352000000,62.312312066424
625,26.94,6.3,26.94,3.3,455000000,9.9183110214907,355000000,61.2559481143257
626,26.94,6.3,26.94,3.4,458000000,9.5784102937561,358000000,60.2237915412611
627,26.94,6.3,26.94,3.5,461000000,9.2178622295884,361000000,59.2126556050164
628,26.94,6.3,26.94,3.6,463000000,8.8411486371377,363000000,57.7293110960207
630,26.94,6.3,27.06,3.2,451000000,10.398511529845,351000000,62.179324363095
631,26.94,6.3,27.06,3.3,454000000,10.081349724734,354000000,61.135586932477
632,26.94,6.3,27.06,3.4,457000000,9.743050282656,357000000,60.113742392599
633,26.94,6.3,27.06,3.5,460000000,9.3829820292977,360000000,59.1104658304297
634,26.94,6.3,27.06,3.6,462000000,9.0146591602244,362000000,57.6635110219224
636,26.94,6.3,27.18,3.2,450000000,10.557701185725,350000000,62.066070642434
637,26.94,6.3,27.18,3.3,453000000,10.242956097258,353000000,61.03397372818
638,26.94,6.3,27.18,3.4,456000000,9.9062833081756,356000000,60.0215744191526
639,26.94,6.3,27.18,3.5,459000000,9.5467638442666,359000000,59.0254391062836
640,26.94,6.3,27.18,3.6,461000000,9.1851140197544,361000000,57.6110648383354
642,26.94,6.3,27.3,3.2,449000000,10.715454456167,349000000,61.970788322501
643,26.94,6.3,27.3,3.3,452000000,10.403246870649,352000000,60.94956472555
644,26.94,6.3,27.3,3.4,455000000,10.068284392364,355000000,59.945912836843
645,26.94,6.3,27.3,3.5,458000000,9.7094034384297,358000000,58.9563168758297
646,26.94,6.3,27.3,3.6,460000000,9.3523803236592,360000000,57.5706287767902
648,27.06,5.7,26.7,3.2,458000000,9.4607151708246,358000000,65.2339728279956
649,27.06,5.7,26.7,3.3,461000000,9.1302668682618,361000000,64.0292783110658
650,27.06,5.7,26.7,3.4,464000000,8.7834197514341,364000000,62.8716365431111
651,27.06,5.7,26.7,3.5,467000000,8.4232002499708,367000000,61.7585857779068
652,27.06,5.7,26.7,3.6,470000000,8.0549369376778,370000000,60.6907753218328
654,27.06,5.7,26.82,3.2,457000000,9.630778680163,357000000,64.896809682738
655,27.06,5.7,26.82,3.3,460000000,9.3021864791896,360000000,63.7170542833376
656,27.06,5.7,26.82,3.4,463000000,8.9557699498941,363000000,62.5796477697811
657,27.06,5.7,26.82,3.5,466000000,8.5938464003414,366000000,61.4819183941874
658,27.06,5.7,26.82,3.6,468000000,8.2324349556002,368000000,59.7244601925432
660,27.06,5.7,26.94,3.2,456000000,9.7989920219878,356000000,64.5985332703058
661,27.06,5.7,26.94,3.3,459000000,9.4722771470551,359000000,63.4409912841311
662,27.06,5.7,26.94,3.4,462000000,9.1264693898605,362000000,62.3216568434365
663,27.06,5.7,26.94,3.5,465000000,8.7632587936009,365000000,61.2376560626759
664,27.06,5.7,26.94,3.6,467000000,8.4133076688784,367000000,59.5388589076994
666,27.06,5.7,27.06,3.2,455000000,9.965612969884,355000000,64.334658887044
667,27.06,5.7,27.06,3.3,458000000,9.6407651505911,358000000,63.1970261818651
668,27.06,5.7,27.06,3.4,461000000,9.295682442734,361000000,62.093913313867
669,27.06,5.7,27.06,3.5,463000000,8.9414334374377,363000000,60.3709939776507
670,27.06,5.7,27.06,3.6,466000000,8.5926931812603,366000000,59.3774749819083
672,27.06,5.7,27.18,3.2,454000000,10.130901127828,354000000,64.10151027862
673,27.06,5.7,27.18,3.3,457000000,9.8078931439515,357000000,62.9818227670505
674,27.06,5.7,27.18,3.4,460000000,9.4636043345072,360000000,61.8933308254362
675,27.06,5.7,27.18,3.5,462000000,9.1193770835488,362000000,60.2226891530318
676,27.06,5.7,27.18,3.6,465000000,8.770527388202,365000000,59.237836219293
678,27.06,5.7,27.3,3.2,453000000,10.295107290615,353000000,63.896038009323
679,27.06,5.7,27.3,3.3,456000000,9.973911400253,356000000,62.792616201584
680,27.06,5.7,27.3,3.4,459000000,9.6304540111162,359000000,61.7173522133122
681,27.06,5.7,27.3,3.5,461000000,9.2952111982773,361000000,60.0944438193683
682,27.06,5.7,27.3,3.6,464000000,8.9467722090901,364000000,59.1178375277981
684,27.06,5.82,26.7,3.2,457000000,9.5576698152546,357000000,64.4833067535666
685,27.06,5.82,26.7,3.3,460000000,9.231715863557,360000000,63.316672839998
686,27.06,5.82,26.7,3.4,463000000,8.8886211411496,363000000,62.1917206204196
687,27.06,5.82,26.7,3.5,466000000,8.5307262678457,366000000,61.1059730748697
688,27.06,5.82,26.7,3.6,469000000,8.1624756386368,369000000,60.0597394408318
690,27.06,5.82,26.82,3.2,456000000,9.7278182951717,356000000,64.1945992282307
691,27.06,5.82,26.82,3.3,459000000,9.4041950988819,359000000,63.0501107450629
692,27.06,5.82,26.82,3.4,462000000,9.0621661620017,362000000,61.9432337704507
693,27.06,5.82,26.82,3.5,465000000,8.7034304742014,365000000,60.8712631569254
694,27.06,5.82,26.82,3.6,468000000,8.331573050798,368000000,59.833986930873
696,27.06,5.82,26.94,3.2,455000000,9.8960176060157,355000000,63.9398469853527
697,27.06,5.82,26.94,3.3,458000000,9.574726359948,358000000,62.815230936522
698,27.06,5.82,26.94,3.4,461000000,9.2338920552842,361000000,61.7246076939252
699,27.06,5.82,26.94,3.5,464000000,8.8746492447408,364000000,60.6650640085818
700,27.06,5.82,26.94,3.6,466000000,8.5051441851957,366000000,59.0155885862377
702,27.06,5.82,27.06,3.2,454000000,10.062504150093,354000000,63.715345892079
703,27.06,5.82,27.06,3.3,457000000,9.7435325691797,357000000,62.6086725431707
704,27.06,5.82,27.06,3.4,460000000,9.4039782275367,360000000,61.5327351367507
705,27.06,5.82,27.06,3.5,463000000,9.0444839246094,363000000,60.4844396215254
706,27.06,5.82,27.06,3.6,465000000,8.6853904353164,365000000,58.8837153866584
708,27.06,5.82,27.18,3.2,453000000,10.227500267215,353000000,63.51801390011
709,27.06,5.82,27.18,3.3,456000000,9.9108394355334,356000000,62.4276417021194
710,27.06,5.82,27.18,3.4,459000000,9.5726235108283,359000000,61.3650341648683
711,27.06,5.82,27.18,3.5,462000000,9.2130712471586,362000000,60.3269475334596
712,27.06,5.82,27.18,3.6,464000000,8.8635961819348,364000000,58.7709991068778
714,27.06,5.82,27.3,3.2,452000000,10.391199950989,352000000,63.345248052634
715,27.06,5.82,27.3,3.3,455000000,10.076863672962,355000000,62.26978838875
716,27.06,5.82,27.3,3.4,458000000,9.7400365489328,358000000,61.2193408977048
717,27.06,5.82,27.3,3.5,461000000,9.380575719022,361000000,60.190544579172
718,27.06,5.82,27.3,3.6,463000000,9.0397037074379,363000000,58.6755912741319
720,27.06,5.94,26.7,3.2,457000000,9.6540106904316,357000000,64.5884361600746
721,27.06,5.94,26.7,3.3,459000000,9.3247899758304,359000000,62.6648663277674
722,27.06,5.94,26.7,3.4,462000000,8.9866119486795,362000000,61.5698958257935
723,27.06,5.94,26.7,3.5,465000000,8.6324867917233,365000000,60.5095674989903
724,27.06,5.94,26.7,3.6,468000000,8.2660431069697,368000000,59.4838289973727
726,27.06,5.94,26.82,3.2,455000000,9.8152570011308,355000000,63.5509178512288
727,27.06,5.94,26.82,3.3,458000000,9.4975940955085,358000000,62.4387029366055
728,27.06,5.94,26.82,3.4,461000000,9.1611406815631,361000000,61.3601239070331
729,27.06,5.94,26.82,3.5,464000000,8.8070326521468,364000000,60.3124011661718
730,27.06,5.94,26.82,3.6,467000000,8.4381109101433,367000000,59.2949808661033
732,27.06,5.94,26.94,3.2,454000000,9.9830688445087,354000000,63.3345587936237
733,27.06,5.94,26.94,3.3,457000000,9.6682628085478,357000000,62.2403919159958
734,27.06,5.94,26.94,3.4,460000000,9.3336380913411,360000000,61.1766689562361
735,27.06,5.94,26.94,3.5,463000000,8.9798220018324,363000000,60.1404039298664
736,27.06,5.94,26.94,3.6,466000000,8.6089542091856,366000000,59.1305927626536
738,27.06,5.94,27.06,3.2,453000000,10.148928908038,353000000,63.144828246641
739,27.06,5.94,27.06,3.3,456000000,9.8369919496769,356000000,62.0671051193699
740,27.06,5.94,27.06,3.4,459000000,9.5042778802037,359000000,61.0169193912707
741,27.06,5.94,27.06,3.5,462000000,9.1509716016733,362000000,59.9911087818703
742,27.06,5.94,27.06,3.6,465000000,8.7785951814551,365000000,58.9882741197891
744,27.06,5.94,27.18,3.2,452000000,10.312990384563,352000000,62.979078662015
745,27.06,5.94,27.18,3.3,455000000,10.003961960294,355000000,61.916452231795
746,27.06,5.94,27.18,3.4,458000000,9.6732377781866,358000000,60.8786762541126
747,27.06,5.94,27.18,3.5,461000000,9.3206209423741,361000000,59.8624432882211
748,27.06,5.94,27.18,3.6,464000000,8.9470956730279,364000000,58.8660154086779
750,27.06,5.94,27.3,3.2,451000000,10.475352288734,351000000,62.835017953084
751,27.06,5.94,27.3,3.3,454000000,10.169322082348,354000000,61.786379326848
752,27.06,5.94,27.3,3.4,457000000,9.8406865717654,357000000,60.7600646680124
753,27.06,5.94,27.3,3.5,460000000,9.4889218276804,360000000,59.7526517320024
754,27.06,5.94,27.3,3.6,462000000,9.1182887337731,362000000,58.2591720256651
756,27.06,6.06,26.7,3.2,456000000,9.7589700555939,356000000,63.9201353058779
757,27.06,6.06,26.7,3.3,459000000,9.4179347462133,359000000,62.7678442285843
758,27.06,6.06,26.7,3.4,461000000,9.0749704390681,361000000,60.9968143361231
759,27.06,6.06,26.7,3.5,464000000,8.7260865583358,364000000,59.9605707924108
760,27.06,6.06,26.7,3.6,467000000,8.3632483663855,367000000,58.9546907461155
762,27.06,6.06,26.82,3.2,455000000,9.9200694334211,355000000,63.6653454556961
763,27.06,6.06,26.82,3.3,458000000,9.5801538647141,358000000,62.5312619706631
764,27.06,6.06,26.82,3.4,460000000,9.2500812347146,360000000,60.8214999972736
765,27.06,6.06,26.82,3.5,463000000,8.9021023279891,363000000,59.7970248012021
766,27.06,6.06,26.82,3.6,466000000,8.5379140879229,366000000,58.7990807027919
768,27.06,6.06,26.94,3.2,454000000,10.080045024161,354000000,63.44132364817
769,27.06,6.06,26.94,3.3,456000000,9.7499296783471,356000000,61.7074410618481
770,27.06,6.06,26.94,3.4,459000000,9.4228657525362,359000000,60.6693845415302
771,27.06,6.06,26.94,3.5,462000000,9.0760366543904,362000000,59.6557113287804
772,27.06,6.06,26.94,3.6,465000000,8.7109622981147,365000000,58.6651057086927
774,27.06,6.06,27.06,3.2,453000000,10.239251312469,353000000,63.245115693603
775,27.06,6.06,27.06,3.3,455000000,9.9178701454572,355000000,61.5635246479032
776,27.06,6.06,27.06,3.4,458000000,9.5934644889666,358000000,60.5382277435006
777,27.06,6.06,27.06,3.5,461000000,9.2479979688095,361000000,59.5345228084505
778,27.06,6.06,27.06,3.6,464000000,8.8824303347269,364000000,58.5507276420249
780,27.06,6.06,27.18,3.2,452000000,10.398039406175,352000000,63.07427189547
781,27.06,6.06,27.18,3.3,454000000,10.083612624563,354000000,61.439543074706
782,27.06,6.06,27.18,3.4,457000000,9.7620014220522,357000000,60.4261061836812
783,27.06,6.06,27.18,3.5,460000000,9.4181002604517,360000000,59.4316619069917
784,27.06,6.06,27.18,3.6,463000000,9.0523815538419,363000000,58.4542152050339
786,27.06,6.06,27.3,3.2,451000000,10.556744605174,351000000,62.926736389138
787,27.06,6.06,27.3,3.3,453000000,10.247195135981,353000000,61.333628854462
788,27.06,6.06,27.3,3.4,456000000,9.9285666382546,356000000,60.3313367183856
789,27.06,6.06,27.3,3.5,459000000,9.5864489424432,359000000,59.3455743122062
790,27.06,6.06,27.3,3.6,462000000,9.220894288936,362000000,58.374084786205
792,27.06,6.18,26.7,3.2,455000000,9.8565124125154,355000000,63.3098035241374
793,27.06,6.18,26.7,3.3,458000000,9.5210115374867,358000000,62.1883015830877
794,27.06,6.18,26.7,3.4,461000000,9.1668281784524,361000000,61.0995082372164
795,27.06,6.18,26.7,3.5,463000000,8.8084992858456,363000000,59.4505103683676
796,27.06,6.18,26.7,3.6,466000000,8.4511025772709,366000000,58.4642462044309
798,27.06,6.18,26.82,3.2,454000000,10.018702080363,354000000,63.094248089528
799,27.06,6.18,26.82,3.3,457000000,9.6847412245193,357000000,61.9890844841573
800,27.06,6.18,26.82,3.4,460000000,9.331176880342,360000000,60.913591568942
801,27.06,6.18,26.82,3.5,462000000,8.9853786104469,362000000,59.3169469124199
802,27.06,6.18,26.82,3.6,465000000,8.6277993820651,365000000,58.3384867921441
804,27.06,6.18,26.94,3.2,453000000,10.179675926617,353000000,62.905996811323
805,27.06,6.18,26.94,3.3,456000000,9.847106447592,356000000,61.815420144342
806,27.06,6.18,26.94,3.4,458000000,9.4978955410396,358000000,60.1942629127086
807,27.06,6.18,26.94,3.5,461000000,9.1597528680418,361000000,59.2029527785788
808,27.06,6.18,26.94,3.6,464000000,8.8024200257009,364000000,58.2318122235419
810,27.06,6.18,27.06,3.2,452000000,10.339747060367,352000000,62.742558181301
811,27.06,6.18,27.06,3.3,455000000,10.008422555166,355000000,61.665049141155
812,27.06,6.18,27.06,3.4,457000000,9.6674782647623,357000000,60.0881906553013
813,27.06,6.18,27.06,3.5,460000000,9.3316907958588,360000000,59.1066817392518
814,27.06,6.18,27.06,3.6,463000000,8.9749903512796,363000000,58.1424500388066
816,27.06,6.18,27.18,3.2,451000000,10.499203770833,351000000,62.601825874621
817,27.06,6.18,27.18,3.3,454000000,10.168998728578,354000000,61.536073802948
818,27.06,6.18,27.18,3.4,456000000,9.8344075417369,356000000,59.9987496476839
819,27.06,6.18,27.18,3.5,459000000,9.5012438112621,359000000,59.0265220759731
820,27.06,6.18,27.18,3.6,462000000,9.1455434597146,362000000,58.0688679555426
822,27.06,6.18,27.3,3.2,450000000,10.658291738426,350000000,62.481985037851
823,27.06,6.18,27.3,3.3,453000000,10.329123755687,353000000,61.426877348219
824,27.06,6.18,27.3,3.4,455000000,9.9986454283635,355000000,59.9243529809055
825,27.06,6.18,27.3,3.5,458000000,9.6684271114516,358000000,58.9610354805216
826,27.06,6.18,27.3,3.6,461000000,9.3141045594181,361000000,58.0097203100281
828,27.06,6.3,26.7,3.2,454000000,9.9437207183224,354000000,62.7475593118664
829,27.06,6.3,26.7,3.3,457000000,9.614732935224,357000000,61.654643916144
830,27.06,6.3,26.7,3.4,460000000,9.2669485079498,360000000,60.5913174853468
831,27.06,6.3,26.7,3.5,463000000,8.90091424317,363000000,59.554724124172
832,27.06,6.3,26.7,3.6,465000000,8.5259011897859,365000000,58.0044114756429
834,27.06,6.3,26.82,3.2,453000000,10.106555188523,353000000,62.566874089686
835,27.06,6.3,26.82,3.3,456000000,9.7796273571528,356000000,61.4888749586298
836,27.06,6.3,26.82,3.4,459000000,9.4330658181869,359000000,60.4377639857879
837,27.06,6.3,26.82,3.5,462000000,9.0669715228709,362000000,59.4104922468419
838,27.06,6.3,26.82,3.6,464000000,8.7037773127975,364000000,57.9052168041605
840,27.06,6.3,26.94,3.2,452000000,10.267932598179,352000000,62.410393482584
841,27.06,6.3,26.94,3.3,455000000,9.9429529292315,355000000,61.3458375273565
842,27.06,6.3,26.94,3.4,458000000,9.597558966088,358000000,60.305701477678
843,27.06,6.3,26.94,3.5,461000000,9.2314673605971,361000000,59.2867762133961
844,27.06,6.3,26.94,3.6,463000000,8.8790023607635,363000000,57.8227201754215
846,27.06,6.3,27.06,3.2,451000000,10.428085833071,351000000,62.275952315193
847,27.06,6.3,27.06,3.3,454000000,10.104971039431,354000000,61.22358260491
848,27.06,6.3,27.06,3.4,457000000,9.7606891190755,357000000,60.1933400578725
849,27.06,6.3,27.06,3.5,459000000,9.3971145727357,359000000,58.6990594500347
850,27.06,6.3,27.06,3.6,462000000,9.0515555850742,362000000,57.7553321844932
852,27.06,6.3,27.18,3.2,450000000,10.587193473491,350000000,62.161665494985
853,27.06,6.3,27.18,3.3,453000000,10.265911970516,353000000,61.12043163272
854,27.06,6.3,27.18,3.4,456000000,9.9227084057737,356000000,60.0991552068337
855,27.06,6.3,27.18,3.5,458000000,9.564591878171,358000000,58.6382330761
856,27.06,6.3,27.18,3.6,461000000,9.2213984902589,361000000,57.7016403725199
858,27.06,6.3,27.3,3.2,449000000,10.745354992802,349000000,62.065843839119
859,27.06,6.3,27.3,3.3,452000000,10.425954725276,352000000,61.034903909905
860,27.06,6.3,27.3,3.4,455000000,10.083843772892,355000000,60.021824846594
861,27.06,6.3,27.3,3.5,457000000,9.7287870728607,357000000,58.5898603264657
862,27.06,6.3,27.3,3.6,460000000,9.3884545742969,360000000,57.6603580180869
864,27.18,5.7,26.7,3.2,458000000,9.490564188232,358000000,65.354982446387
865,27.18,5.7,26.7,3.3,461000000,9.1563878756282,361000000,64.1421724850042
866,27.18,5.7,26.7,3.4,464000000,8.8057143737088,364000000,62.9768148175088
867,27.18,5.7,26.7,3.5,467000000,8.4415422814509,367000000,61.8563487814949
868,27.18,5.7,26.7,3.6,469000000,8.0848014938318,369000000,60.0435443859508
870,27.18,5.7,26.82,3.2,457000000,9.6589026818904,357000000,65.0146136513204
871,27.18,5.7,26.82,3.3,460000000,9.3262993022578,360000000,63.8266087163488
872,27.18,5.7,26.82,3.4,463000000,8.9757959428079,363000000,62.6813534456889
873,27.18,5.7,26.82,3.5,465000000,8.616517162987,365000000,60.847820789015
874,27.18,5.7,26.82,3.6,468000000,8.264998383029,368000000,59.827834391943
876,27.18,5.7,26.94,3.2,456000000,9.8255409701983,356000000,64.7132888573103
877,27.18,5.7,26.94,3.3,459000000,9.4945070284217,359000000,63.5473345042637
878,27.18,5.7,26.94,3.4,462000000,9.144329811088,362000000,62.419993095047
879,27.18,5.7,26.94,3.5,464000000,8.7971086051431,364000000,60.6498432902501
880,27.18,5.7,26.94,3.6,467000000,8.443927192516,367000000,59.639383153484
882,27.18,5.7,27.06,3.2,455000000,9.9907597339679,355000000,64.4465477649629
883,27.18,5.7,27.06,3.3,458000000,9.6612560262429,358000000,63.3003068754229
884,27.18,5.7,27.06,3.4,460000000,9.3127483007765,360000000,61.5058580480085
885,27.18,5.7,27.06,3.5,463000000,8.9757290057418,363000000,60.4768487921518
886,27.18,5.7,27.06,3.6,466000000,8.6215078172737,366000000,59.4752848292287
888,27.18,5.7,27.18,3.2,454000000,10.154846000927,354000000,64.210742922772
889,27.18,5.7,27.18,3.3,457000000,9.8268113959293,357000000,63.0822134305983
890,27.18,5.7,27.18,3.4,459000000,9.487811237555,359000000,61.343321642303
891,27.18,5.7,27.18,3.5,462000000,9.1524172732772,362000000,60.3262982061472
892,27.18,5.7,27.18,3.6,465000000,8.7976982377226,365000000,59.3330904023206
894,27.18,5.7,27.3,3.2,453000000,10.318083492152,353000000,64.002859087188
895,27.18,5.7,27.3,3.3,456000000,9.9914504736415,356000000,62.8903176612555
896,27.18,5.7,27.3,3.4,458000000,9.6606773167635,358000000,61.2018280991265
897,27.18,5.7,27.3,3.5,461000000,9.3272227063465,361000000,60.1960342981815
898,27.18,5.7,27.3,3.6,464000000,8.972486350035,364000000,59.210721800422
900,27.18,5.82,26.7,3.2,457000000,9.5909096853844,357000000,64.6015288868674
901,27.18,5.82,26.7,3.3,460000000,9.2610019694152,360000000,63.4270009043062
902,27.18,5.82,26.7,3.4,463000000,8.913858059788,363000000,62.294492449211
903,27.18,5.82,26.7,3.5,466000000,8.5517955540344,366000000,61.2014438033514
904,27.18,5.82,26.7,3.6,469000000,8.1792219085534,369000000,60.1480783629934
906,27.18,5.82,26.82,3.2,456000000,9.7595426549307,356000000,64.3099867562557
907,27.18,5.82,26.82,3.3,459000000,9.4316471784003,359000000,63.1574139180793
908,27.18,5.82,26.82,3.4,462000000,9.0852722692774,362000000,62.0427943169514
909,27.18,5.82,26.82,3.5,465000000,8.7220991061329,365000000,60.9633485386449
910,27.18,5.82,26.82,3.6,467000000,8.3594503452501,367000000,59.2719225940551
912,27.18,5.82,26.94,3.2,455000000,9.9264128963889,355000000,64.0525913623559
913,27.18,5.82,26.94,3.3,458000000,9.6005014986482,358000000,62.9196680589352
914,27.18,5.82,26.94,3.4,461000000,9.254997613727,361000000,61.821086387425
915,27.18,5.82,26.94,3.5,464000000,8.8910237211225,364000000,60.7538676307355
916,27.18,5.82,26.94,3.6,466000000,8.5399552043473,366000000,59.1162166132353
918,27.18,5.82,27.06,3.2,454000000,10.091786223436,354000000,63.825669308336
919,27.18,5.82,27.06,3.3,457000000,9.7678123689461,357000000,62.7104282622961
920,27.18,5.82,27.06,3.4,460000000,9.4232333400515,360000000,61.6262824926415
921,27.18,5.82,27.06,3.5,462000000,9.0672052477743,362000000,59.9636405301643
922,27.18,5.82,27.06,3.6,465000000,8.7186615931155,365000000,58.9819772645675
924,27.18,5.82,27.18,3.2,453000000,10.255920017059,353000000,63.626174815925
925,27.18,5.82,27.18,3.3,456000000,9.9338347974013,356000000,62.5269311726403
926,27.18,5.82,27.18,3.4,459000000,9.5902020540487,359000000,61.4558256478797
927,27.18,5.82,27.18,3.5,461000000,9.2434838951069,361000000,59.8405391364419
928,27.18,5.82,27.18,3.6,464000000,8.8955306354211,364000000,58.8670953250271
930,27.18,5.82,27.3,3.2,452000000,10.419050099413,352000000,63.45154789313
931,27.18,5.82,27.3,3.3,455000000,10.098820624192,355000000,62.366863019729
932,27.18,5.82,27.3,3.4,458000000,9.7561410157919,358000000,61.3075816953469
933,27.18,5.82,27.3,3.5,460000000,9.4174246256694,360000000,59.7353191179964
934,27.18,5.82,27.3,3.6,463000000,9.0705376680077,363000000,58.7697563015427
936,27.18,5.94,26.7,3.2,456000000,9.6828695389893,356000000,63.9140893043903
937,27.18,5.94,26.7,3.3,459000000,9.3581424505564,359000000,62.7741563403944
938,27.18,5.94,26.7,3.4,462000000,9.0156575309796,362000000,61.6716975788616
939,27.18,5.94,26.7,3.5,465000000,8.657112909304,365000000,60.604097994428
940,27.18,5.94,26.7,3.6,468000000,8.2861045333532,368000000,59.5712308151072
942,27.18,5.94,26.82,3.2,455000000,9.8515910041259,355000000,63.6655681529299
943,27.18,5.94,26.82,3.3,458000000,9.529357921375,358000000,62.545332761729
944,27.18,5.94,26.82,3.4,461000000,9.1882595585509,361000000,61.4590237264999
945,27.18,5.94,26.82,3.5,464000000,8.8294198173698,364000000,60.4038014460828
946,27.18,5.94,26.82,3.6,467000000,8.455652652846,367000000,59.379045431619
948,27.18,5.94,26.94,3.2,454000000,10.018404472751,354000000,63.44703121769
949,27.18,5.94,26.94,3.3,457000000,9.6986356354339,357000000,62.3445598432579
950,27.18,5.94,26.94,3.4,460000000,9.358995781893,360000000,61.272830862808
951,27.18,5.94,26.94,3.5,463000000,9.0001066627202,363000000,60.2288072157902
952,27.18,5.94,26.94,3.6,465000000,8.6255155261979,365000000,58.6299543027039
954,27.18,5.94,27.06,3.2,453000000,10.183535568227,353000000,63.255396687014
955,27.18,5.94,27.06,3.3,456000000,9.8662031255976,356000000,62.1690422780636
956,27.18,5.94,27.06,3.4,459000000,9.5280661687207,359000000,61.1105347712827
957,27.18,5.94,27.06,3.5,462000000,9.1693113134734,362000000,60.0766704580474
958,27.18,5.94,27.06,3.6,464000000,8.8046056678854,364000000,58.5222863988834
960,27.18,5.94,27.18,3.2,452000000,10.347181595595,352000000,63.088062222216
961,27.18,5.94,27.18,3.3,455000000,10.032278504257,355000000,62.016428496142
962,27.18,5.94,27.18,3.4,458000000,9.6956797543052,358000000,60.9699688412942
963,27.18,5.94,27.18,3.5,461000000,9.3371984747529,361000000,59.9453449592719
964,27.18,5.94,27.18,3.6,463000000,8.9813096709791,363000000,58.4316090406401
966,27.18,5.94,27.3,3.2,451000000,10.509493830064,351000000,62.942789018055
967,27.18,5.94,27.3,3.3,454000000,10.19705587122,354000000,61.884710436609
968,27.18,5.94,27.3,3.4,457000000,9.8620427639922,357000000,60.8492966198862
969,27.18,5.94,27.3,3.5,460000000,9.5039502198368,360000000,59.8331062285808
970,27.18,5.94,27.3,3.6,462000000,9.1555578219986,362000000,58.3562914532326
972,27.18,6.06,26.7,3.2,456000000,9.7751086082602,356000000,64.0156505059462
973,27.18,6.06,26.7,3.3,458000000,9.4454640706365,358000000,62.1736467379495
974,27.18,6.06,26.7,3.4,461000000,9.1088129790812,361000000,61.0991192038322
975,27.18,6.06,26.7,3.5,464000000,8.7552203301489,364000000,60.0555580983529
976,27.18,6.06,26.7,3.6,467000000,8.3875363367889,367000000,59.0424802896599
978,27.18,6.06,26.82,3.2,455000000,9.9341769771021,355000000,63.7576473406451
979,27.18,6.06,26.82,3.3,457000000,9.6168775569499,357000000,61.9809799328319
980,27.18,6.06,26.82,3.4,460000000,9.2822825451841,360000000,60.9212788269811
981,27.18,6.06,26.82,3.5,463000000,8.929234789108,363000000,59.889200114836
982,27.18,6.06,26.82,3.6,466000000,8.5598708631857,366000000,58.8837936921327
984,27.18,6.06,26.94,3.2,453000000,10.098589926984,353000000,62.886956261362
985,27.18,6.06,26.94,3.3,456000000,9.7861053186268,356000000,61.8130415601318
986,27.18,6.06,26.94,3.4,459000000,9.4536362138471,359000000,60.7668457565781
987,27.18,6.06,26.94,3.5,462000000,9.1013431060796,362000000,59.7452465431236
988,27.18,6.06,26.94,3.6,465000000,8.730731735973,365000000,58.746881401469
990,27.18,6.06,27.06,3.2,452000000,10.262745249469,352000000,62.726366106507
991,27.18,6.06,27.06,3.3,455000000,9.9533253135401,355000000,61.6674358822041
992,27.18,6.06,27.06,3.4,458000000,9.6230486006557,358000000,60.6336148624597
993,27.18,6.06,27.06,3.5,461000000,9.2716818529643,361000000,59.6216188931673
994,27.18,6.06,27.06,3.6,464000000,8.9001787792902,364000000,58.6297286778982
996,27.18,6.06,27.18,3.2,451000000,10.424969408634,351000000,62.587166877973
997,27.18,6.06,27.18,3.3,454000000,10.118683362116,354000000,61.542102885783
998,27.18,6.06,27.18,3.4,457000000,9.7906840916527,357000000,60.5197040609927
999,27.18,6.06,27.18,3.5,460000000,9.4403984382346,360000000,59.5165541456716
1000,27.18,6.06,27.18,3.6,463000000,9.0683021043394,363000000,58.5306318390454
1002,27.18,6.06,27.3,3.2,450000000,10.585281945132,350000000,62.467318563151
1003,27.18,6.06,27.3,3.3,453000000,10.282273531242,353000000,61.435232032318
1004,27.18,6.06,27.3,3.4,456000000,9.956680723166,356000000,60.423479038255
1005,27.18,6.06,27.3,3.5,459000000,9.6076381048336,359000000,59.4285386714426
1006,27.18,6.06,27.3,3.6,462000000,9.2352120473385,362000000,58.4481401006235
1008,27.18,6.18,26.7,3.2,455000000,9.8773934572786,355000000,63.4051661841856
1009,27.18,6.18,26.7,3.3,458000000,9.5379162516784,358000000,62.2764515596414
1010,27.18,6.18,26.7,3.4,460000000,9.1903663001598,360000000,60.5678627820588
1011,27.18,6.18,26.7,3.5,463000000,8.8432189114267,363000000,59.5474166933927
1012,27.18,6.18,26.7,3.6,466000000,8.4806569133922,366000000,58.5538202382172
1014,27.18,6.18,26.82,3.2,454000000,10.037834297199,354000000,63.186795630912
1015,27.18,6.18,26.82,3.3,457000000,9.699551330017,357000000,62.074170875305
1016,27.18,6.18,26.82,3.4,459000000,9.3641253746112,359000000,60.4209867484232
1017,27.18,6.18,26.82,3.5,462000000,9.0184267897007,362000000,59.4114411044207
1018,27.18,6.18,26.82,3.6,465000000,8.6552974561093,365000000,58.4253221277483
1020,27.18,6.18,26.94,3.2,453000000,10.197278485834,353000000,62.995950452678
1021,27.18,6.18,26.94,3.3,456000000,9.8600045305564,356000000,61.8976253707574
1022,27.18,6.18,26.94,3.4,458000000,9.535397055685,358000000,60.294733352121
1023,27.18,6.18,26.94,3.5,461000000,9.1913541815015,361000000,59.2952559227545
1024,27.18,6.18,26.94,3.6,464000000,8.82804826595,364000000,58.316090778748
1026,27.18,6.18,27.06,3.2,452000000,10.356075723791,352000000,62.830176780287
1027,27.18,6.18,27.06,3.3,454000000,10.025098755413,354000000,61.196719962673
1028,27.18,6.18,27.06,3.4,457000000,9.7042963594227,357000000,60.1871674678257
1029,27.18,6.18,27.06,3.5,460000000,9.3621064553873,360000000,59.1970523860883
1030,27.18,6.18,27.06,3.6,463000000,8.9989653007037,363000000,58.2243846441197
1032,27.18,6.18,27.18,3.2,451000000,10.514558658062,351000000,62.687413628846
1033,27.18,6.18,27.18,3.3,453000000,10.188490598796,353000000,61.094968596595
1034,27.18,6.18,27.18,3.4,456000000,9.8709024592982,356000000,60.0965925095152
1035,27.18,6.18,27.18,3.5,459000000,9.5307782208282,359000000,59.1152627671642
1036,27.18,6.18,27.18,3.6,462000000,9.168117264569,362000000,58.148707812949
1038,27.18,6.18,27.3,3.2,450000000,10.6730267812,350000000,62.565900875435
1039,27.18,6.18,27.3,3.3,452000000,10.349354006471,352000000,61.009209393058
1040,27.18,6.18,27.3,3.4,455000000,10.03523714458,355000000,60.021482089977
1041,27.18,6.18,27.3,3.5,458000000,9.6974356974527,358000000,59.0485005441827
1042,27.18,6.18,27.3,3.6,461000000,9.3355716126312,361000000,58.0877576060802
1044,27.18,6.3,26.7,3.2,454000000,9.9706095584079,354000000,62.8445327506339
1045,27.18,6.3,26.7,3.3,457000000,9.6372877749654,357000000,61.7443260448074
1046,27.18,6.3,26.7,3.4,460000000,9.2850535059945,360000000,60.6738917230555
1047,27.18,6.3,26.7,3.5,462000000,8.9174611671724,362000000,59.0713039151664
1048,27.18,6.3,26.7,3.6,465000000,8.561891375032,365000000,58.097249705947
1050,27.18,6.3,26.82,3.2,453000000,10.132087462188,353000000,62.661524258378
1051,27.18,6.3,26.82,3.3,456000000,9.8004238455785,356000000,61.5759177612015
1052,27.18,6.3,26.82,3.4,459000000,9.4490378372722,359000000,60.5173991588952
1053,27.18,6.3,26.82,3.5,461000000,9.0930353401207,361000000,58.9622663289677
1054,27.18,6.3,26.82,3.6,464000000,8.7380897310272,364000000,57.9957500045072
1056,27.18,6.3,26.94,3.2,452000000,10.292392342405,352000000,62.50300551476
1057,27.18,6.3,26.94,3.3,455000000,9.9622308130887,355000000,61.4304799943467
1058,27.18,6.3,26.94,3.4,458000000,9.6115969992811,358000000,60.3825943208321
1059,27.18,6.3,26.94,3.5,460000000,9.265811260704,360000000,58.870566299606
1060,27.18,6.3,26.94,3.6,463000000,8.9118771337156,363000000,57.9111840809026
1062,27.18,6.3,27.06,3.2,451000000,10.451805256789,351000000,62.366860452736
1063,27.18,6.3,27.06,3.3,454000000,10.123010412187,354000000,61.306104978127
1064,27.18,6.3,27.06,3.4,457000000,9.7730249979329,357000000,60.2677210139439
1065,27.18,6.3,27.06,3.5,459000000,9.4358242363742,359000000,58.7945734755972
1066,27.18,6.3,27.06,3.6,462000000,9.0832720065223,362000000,57.8420024164623
1068,27.18,6.3,27.18,3.2,450000000,10.610562594381,350000000,62.251262670208
1069,27.18,6.3,27.18,3.3,453000000,10.283041569758,353000000,61.201163655511
1070,27.18,6.3,27.18,3.4,456000000,9.9336137251501,356000000,60.1712953111191
1071,27.18,6.3,27.18,3.5,458000000,9.6030703873787,358000000,58.7328281185117
1072,27.18,6.3,27.18,3.6,461000000,9.2522817947257,361000000,57.7868391819157
1074,27.18,6.3,27.3,3.2,449000000,10.768833162747,349000000,62.154593146484
1075,27.18,6.3,27.3,3.3,452000000,10.442561979529,352000000,61.114234827314
1076,27.18,6.3,27.3,3.4,455000000,10.09363836813,355000000,60.0920441635
1077,27.18,6.3,27.3,3.5,457000000,9.7674832659002,357000000,58.6839838583242
1078,27.18,6.3,27.3,3.6,460000000,9.4188839636472,360000000,57.7444622861752
1080,27.3,5.7,26.7,3.2,458000000,9.5165353381727,358000000,65.4725448145007
1081,27.3,5.7,26.7,3.3,461000000,9.1787678776209,361000000,64.2516906749309
1082,27.3,5.7,26.7,3.4,464000000,8.8244026726101,364000000,63.0786972818101
1083,27.3,5.7,26.7,3.5,466000000,8.4694709006296,366000000,61.1840617824976
1084,27.3,5.7,26.7,3.6,469000000,8.1159167950061,369000000,60.1465458691361
1086,27.3,5.7,26.82,3.2,457000000,9.6830424241949,357000000,65.1288415059149
1087,27.3,5.7,26.82,3.3,460000000,9.3465788736353,360000000,63.9326760001983
1088,27.3,5.7,26.82,3.4,462000000,8.9939911914465,362000000,62.0187189587915
1089,27.3,5.7,26.82,3.5,465000000,8.6501821759539,365000000,60.9552174789819
1090,27.3,5.7,26.82,3.6,468000000,8.2939581719629,368000000,59.9277691035169
1092,27.3,5.7,26.94,3.2,456000000,9.8479879780466,356000000,64.8243287671356
1093,27.3,5.7,26.94,3.3,459000000,9.512801298779,359000000,63.650069734253
1094,27.3,5.7,26.94,3.4,461000000,9.1722731717002,361000000,61.8043051734202
1095,27.3,5.7,26.94,3.5,464000000,8.8290407901872,364000000,60.7545079186062
1096,27.3,5.7,26.94,3.6,467000000,8.4708434273969,367000000,59.7363585815359
1098,27.3,5.7,27.06,3.2,455000000,10.011673719965,355000000,64.554568850803
1099,27.3,5.7,27.06,3.3,458000000,9.6776970342131,358000000,63.3998472954041
1100,27.3,5.7,27.06,3.4,460000000,9.348395560115,360000000,61.61612307139
1101,27.3,5.7,27.06,3.5,463000000,9.00608586926,363000000,60.578937343856
1102,27.3,5.7,27.06,3.6,466000000,8.646509847707,366000000,59.56942701311
1104,27.3,5.7,27.18,3.2,454000000,10.174412019195,354000000,64.315941037911
1105,27.3,5.7,27.18,3.3,456000000,9.8425692802089,356000000,62.5025502930929
1106,27.3,5.7,27.18,3.4,459000000,9.5224696343345,359000000,61.4515055920775
1107,27.3,5.7,27.18,3.5,462000000,9.1813815160582,362000000,60.4259930106362
1108,27.3,5.7,27.18,3.6,465000000,8.820935820418,365000000,59.424546895917
1110,27.3,5.7,27.3,3.2,453000000,10.336517209657,353000000,64.105461972329
1111,27.3,5.7,27.3,3.3,455000000,10.011829928689,355000000,62.345384978447
1112,27.3,5.7,27.3,3.4,458000000,9.6946010472602,358000000,61.3081881519282
1113,27.3,5.7,27.3,3.5,461000000,9.355006749594,361000000,60.293548494356
1114,27.3,5.7,27.3,3.6,464000000,8.9941333562882,364000000,59.2996653270322
1116,27.3,5.82,26.7,3.2,457000000,9.6200349286526,357000000,64.7159794941396
1117,27.3,5.82,26.7,3.3,460000000,9.2863160278756,360000000,63.5336462063536
1118,27.3,5.82,26.7,3.4,463000000,8.9352636980173,363000000,62.3936773586873
1119,27.3,5.82,26.7,3.5,466000000,8.5691730886295,366000000,61.2934293747465
1120,27.3,5.82,26.7,3.6,468000000,8.2119016451483,368000000,59.5538507926803
1122,27.3,5.82,26.82,3.2,456000000,9.787025866249,356000000,64.421457917647
1123,27.3,5.82,26.82,3.3,459000000,9.4550151102746,359000000,63.2609067347546
1124,27.3,5.82,26.82,3.4,462000000,9.1044508568048,362000000,62.1386584931778
1125,27.3,5.82,26.82,3.5,464000000,8.745276620542,364000000,60.378340312127
1126,27.3,5.82,26.82,3.6,467000000,8.3921654322495,367000000,59.3714007820165
1128,27.3,5.82,26.94,3.2,455000000,9.9524274234597,355000000,64.1612618941567
1129,27.3,5.82,26.94,3.3,458000000,9.6220684452652,358000000,63.0201556266052
1130,27.3,5.82,26.94,3.4,461000000,9.2720687967384,361000000,61.9137488962624
1131,27.3,5.82,26.94,3.5,463000000,8.924785917012,363000000,60.211102890037
1132,27.3,5.82,26.94,3.6,466000000,8.5708361345472,366000000,59.2130299265172
1134,27.3,5.82,27.06,3.2,454000000,10.11653278029,354000000,63.9317467315
1135,27.3,5.82,27.06,3.3,457000000,9.7877459835896,357000000,62.8080816344576
1136,27.3,5.82,27.06,3.4,460000000,9.4383346984511,360000000,61.7158815947651
1137,27.3,5.82,27.06,3.5,462000000,9.1021286561657,362000000,60.0660335457787
1138,27.3,5.82,27.06,3.6,465000000,8.7478720763194,365000000,59.0762858983584
1140,27.3,5.82,27.18,3.2,453000000,10.279632111166,353000000,63.729900684706
1141,27.3,5.82,27.18,3.3,456000000,9.9523297983724,356000000,62.6219496887024
1142,27.3,5.82,27.18,3.4,458000000,9.6109670792857,358000000,60.9436115512937
1143,27.3,5.82,27.18,3.5,461000000,9.277354068651,361000000,59.940971669944
1144,27.3,5.82,27.18,3.6,464000000,8.9232607875056,364000000,58.9590868596126
1146,27.3,5.82,27.3,3.2,452000000,10.442000618944,352000000,63.553204287107
1147,27.3,5.82,27.3,3.3,455000000,10.116104375624,355000000,62.459479803521
1148,27.3,5.82,27.3,3.4,457000000,9.7817329781884,357000000,60.8261824031814
1149,27.3,5.82,27.3,3.5,460000000,9.450508029361,360000000,59.834057601214
1150,27.3,5.82,27.3,3.6,463000000,9.097008687745,363000000,58.85965033554
1152,27.3,5.94,26.7,3.2,456000000,9.7160702901837,356000000,64.0270614824517
1153,27.3,5.94,26.7,3.3,459000000,9.3872772165327,359000000,62.8794564325617
1154,27.3,5.94,26.7,3.4,462000000,9.0406302218942,362000000,61.7696169122042
1155,27.3,5.94,26.7,3.5,465000000,8.677810161196,365000000,60.694858616416
1156,27.3,5.94,26.7,3.6,468000000,8.3023813385549,368000000,59.6549802931779
1158,27.3,5.94,26.82,3.2,455000000,9.8834126889477,355000000,63.7759633890617
1159,27.3,5.94,26.82,3.3,458000000,9.5567697403866,358000000,62.6478255786786
1160,27.3,5.94,26.82,3.4,461000000,9.2111872783759,361000000,61.5539119171989
1161,27.3,5.94,26.82,3.5,464000000,8.84777747226,364000000,60.491321779035
1162,27.3,5.94,26.82,3.6,466000000,8.4815085845746,366000000,58.8568365285876
1164,27.3,5.94,26.94,3.2,454000000,10.049064393637,354000000,63.555070481872
1165,27.3,5.94,26.94,3.3,457000000,9.724508315043,357000000,62.444430099918
1166,27.3,5.94,26.94,3.4,460000000,9.3800314817416,360000000,61.3648395641036
1167,27.3,5.94,26.94,3.5,463000000,9.0162500739724,363000000,60.3132095353044
1168,27.3,5.94,26.94,3.6,465000000,8.6613753656583,365000000,58.7280176883063
1170,27.3,5.94,27.06,3.2,453000000,10.213286149144,353000000,63.361337258881
1171,27.3,5.94,27.06,3.3,456000000,9.8907499989875,356000000,62.2665053692805
1172,27.3,5.94,27.06,3.4,459000000,9.5473869348796,359000000,61.1998408845586
1173,27.3,5.94,27.06,3.5,461000000,9.1861352757295,361000000,59.5881392062175
1174,27.3,5.94,27.06,3.6,464000000,8.8391259559207,364000000,58.6182494619367
1176,27.3,5.94,27.18,3.2,452000000,10.376317090298,352000000,63.192204318386
1177,27.3,5.94,27.18,3.3,455000000,10.055748194822,355000000,62.111736191828
1178,27.3,5.94,27.18,3.4,458000000,9.7134916073351,358000000,61.0567792557791
1179,27.3,5.94,27.18,3.5,460000000,9.3604448337355,360000000,59.4876761123285
1180,27.3,5.94,27.18,3.6,463000000,9.0147307685133,363000000,58.5257093980263
1182,27.3,5.94,27.3,3.2,451000000,10.538358360556,351000000,63.045483752047
1183,27.3,5.94,27.3,3.3,454000000,10.219739278766,354000000,61.978157799884
1184,27.3,5.94,27.3,3.4,457000000,9.8785865370641,357000000,60.9338540320921
1185,27.3,5.94,27.3,3.5,459000000,9.5321176917872,359000000,59.4030991110202
1186,27.3,5.94,27.3,3.6,462000000,9.188159406636,362000000,58.448806871616
1188,27.3,6.06,26.7,3.2,455000000,9.8023656026192,355000000,63.3949897578132
1189,27.3,6.06,26.7,3.3,458000000,9.4794332333292,358000000,62.2791573387442
1190,27.3,6.06,26.7,3.4,461000000,9.1383285204591,361000000,61.1972433476721
1191,27.3,6.06,26.7,3.5,464000000,8.780172852051,364000000,60.146484020927
1192,27.3,6.06,26.7,3.6,467000000,8.4077895439457,367000000,59.1263324715917
1194,27.3,6.06,26.82,3.2,454000000,9.9697033237556,354000000,63.1822679069146
1195,27.3,6.06,26.82,3.3,457000000,9.649431244304,357000000,62.0840949667
1196,27.3,6.06,26.82,3.4,460000000,9.3100143045289,360000000,61.0167252564549
1197,27.3,6.06,26.82,3.5,463000000,8.9520610691865,363000000,59.9771812330435
1198,27.3,6.06,26.82,3.6,466000000,8.5776873477965,366000000,58.9644569439915
1200,27.3,6.06,26.94,3.2,453000000,10.135131894601,353000000,62.996158395913
1201,27.3,6.06,26.94,3.3,456000000,9.8174762372361,356000000,61.9139937739341
1202,27.3,6.06,26.94,3.4,459000000,9.4797800411995,359000000,60.8598085253125
1203,27.3,6.06,26.94,3.5,462000000,9.1222052965305,362000000,59.8304417208055
1204,27.3,6.06,26.94,3.6,465000000,8.7462438129436,365000000,58.8244835263126
1206,27.3,6.06,27.06,3.2,452000000,10.298847852913,352000000,62.834055313179
1207,27.3,6.06,27.06,3.3,455000000,9.9837842008181,355000000,61.7664970787021
1208,27.3,6.06,27.06,3.4,458000000,9.6478321875901,358000000,60.7243208526031
1209,27.3,6.06,27.06,3.5,461000000,9.2907680049944,361000000,59.7042138398274
1210,27.3,6.06,27.06,3.6,463000000,8.9164855989319,363000000,58.1875423907089
1212,27.3,6.06,27.18,3.2,451000000,10.461001168533,351000000,62.693716050055
1213,27.3,6.06,27.18,3.3,454000000,10.148546091451,354000000,61.639590971092
1214,27.3,6.06,27.18,3.4,457000000,9.8143730541534,357000000,60.6084190165044
1215,27.3,6.06,27.18,3.5,460000000,9.4579275348322,360000000,59.5967664067692
1216,27.3,6.06,27.18,3.6,462000000,9.09120400781,362000000,58.116573319122
1218,27.3,6.06,27.3,3.2,450000000,10.621673162156,350000000,62.573163299661
1219,27.3,6.06,27.3,3.3,453000000,10.311909590624,353000000,61.531519437857
1220,27.3,6.06,27.3,3.4,456000000,9.9795859527405,356000000,60.5105148669435
1221,27.3,6.06,27.3,3.5,459000000,9.6238662143183,359000000,59.5066237394473
1222,27.3,6.06,27.3,3.6,461000000,9.2630243345086,361000000,58.0591255036376
1224,27.3,6.18,26.7,3.2,455000000,9.8935243048858,355000000,63.4959939207568
1225,27.3,6.18,26.7,3.3,457000000,9.5598828673499,357000000,61.7233232971089
1226,27.3,6.18,26.7,3.4,460000000,9.2255332813303,360000000,60.6677238563233
1227,27.3,6.18,26.7,3.5,463000000,8.8734957784434,363000000,59.6399677930834
1228,27.3,6.18,26.7,3.6,466000000,8.5059135116909,366000000,58.6391650742419
1230,27.3,6.18,26.82,3.2,454000000,10.052063236637,354000000,63.274642689263
1231,27.3,6.18,26.82,3.3,456000000,9.7298202613644,356000000,61.5606635570904
1232,27.3,6.18,26.82,3.4,459000000,9.3978654200678,359000000,60.5186066909938
1233,27.3,6.18,26.82,3.5,462000000,9.0468809512499,362000000,59.5014221891999
1234,27.3,6.18,26.82,3.6,465000000,8.6783656740067,365000000,58.5077903821707
1236,27.3,6.18,26.94,3.2,453000000,10.209805731427,353000000,63.081019378009
1237,27.3,6.18,26.94,3.3,455000000,9.8974633870935,355000000,61.4200057524555
1238,27.3,6.18,26.94,3.4,458000000,9.5679600118259,358000000,60.3903598738119
1239,27.3,6.18,26.94,3.5,461000000,9.2181950844084,361000000,59.3828730420654
1240,27.3,6.18,26.94,3.6,464000000,8.8491008581748,364000000,58.3958507682818
1242,27.3,6.18,27.06,3.2,451000000,10.369124280704,351000000,62.34052038289
1243,27.3,6.18,27.06,3.3,454000000,10.062950170363,354000000,61.299279282477
1244,27.3,6.18,27.06,3.4,457000000,9.735973122203,357000000,60.281090208054
1245,27.3,6.18,27.06,3.5,460000000,9.3875778245916,360000000,59.2825467103106
1246,27.3,6.18,27.06,3.6,463000000,9.0182028032767,363000000,58.3016332733917
1248,27.3,6.18,27.18,3.2,450000000,10.529084384069,350000000,62.224979578703
1249,27.3,6.18,27.18,3.3,453000000,10.226365119891,353000000,61.196661597989
1250,27.3,6.18,27.18,3.4,456000000,9.9020324224815,356000000,60.1891504430575
1251,27.3,6.18,27.18,3.5,459000000,9.5551644259317,359000000,59.1989169184617
1252,27.3,6.18,27.18,3.6,462000000,9.1857732389764,362000000,58.2236757880054
1254,27.3,6.18,27.3,3.2,449000000,10.686751612332,349000000,62.126562311429
1255,27.3,6.18,27.3,3.3,452000000,10.387714924275,352000000,61.110501372882
1256,27.3,6.18,27.3,3.4,455000000,10.06621703563,355000000,60.113072321383
1257,27.3,6.18,27.3,3.5,458000000,9.7210694145672,358000000,59.1306462225072
1258,27.3,6.18,27.3,3.6,461000000,9.3519190393267,361000000,58.1607157969677
1260,27.3,6.3,26.7,3.2,454000000,9.9923963215825,354000000,62.9365719939285
1261,27.3,6.3,26.7,3.3,457000000,9.6549596572256,357000000,61.8292619477636
1262,27.3,6.3,26.7,3.4,459000000,9.2986384253253,359000000,60.1723236729223
1263,27.3,6.3,26.7,3.5,462000000,8.9542664262725,362000000,59.1670224997635
1264,27.3,6.3,26.7,3.6,465000000,8.593316635994,365000000,58.185567568803
1266,27.3,6.3,26.82,3.2,453000000,10.152331714336,353000000,62.751043878576
1267,27.3,6.3,26.82,3.3,456000000,9.8161725351246,356000000,61.6580406013496
1268,27.3,6.3,26.82,3.4,458000000,9.4707952674072,358000000,60.0509533482692
1269,27.3,6.3,26.82,3.5,461000000,9.1284288198286,361000000,59.0558880503456
1270,27.3,6.3,26.82,3.6,464000000,8.7676768681469,364000000,58.0815976060929
1272,27.3,6.3,26.94,3.2,452000000,10.311356407253,352000000,62.590269158838
1273,27.3,6.3,26.94,3.3,455000000,9.9762761367531,355000000,61.5100090145321
1274,27.3,6.3,26.94,3.4,457000000,9.6402276228053,357000000,59.9478874770073
1275,27.3,6.3,26.94,3.5,460000000,9.3000614973917,360000000,58.9623562598227
1276,27.3,6.3,26.94,3.6,463000000,8.9398506456287,363000000,57.9947815936107
1278,27.3,6.3,27.06,3.2,451000000,10.469796426202,351000000,62.45217768118
1279,27.3,6.3,27.06,3.3,454000000,10.1356093652,354000000,61.383297503351
1280,27.3,6.3,27.06,3.4,456000000,9.8069988310055,356000000,59.8614111262375
1281,27.3,6.3,27.06,3.5,459000000,9.4692438609482,359000000,58.8848416249432
1282,27.3,6.3,27.06,3.6,462000000,9.1098931724321,362000000,57.9236075145961
1284,27.3,6.3,27.18,3.2,450000000,10.627942507831,350000000,62.334998280393
1285,27.3,6.3,27.18,3.3,453000000,10.294496275848,353000000,61.27632300478
1286,27.3,6.3,27.18,3.4,455000000,9.9711120473987,355000000,59.7899769517387
1287,27.3,6.3,27.18,3.5,458000000,9.6360238353797,358000000,58.8219369353677
1288,27.3,6.3,27.18,3.6,461000000,9.2778552714132,361000000,57.8667536128092
1290,27.3,6.3,27.3,3.2,449000000,10.786029133243,349000000,62.237178443675
1291,27.3,6.3,27.3,3.3,452000000,10.453229407465,352000000,61.187719982362
1292,27.3,6.3,27.3,3.4,454000000,10.132483578711,354000000,59.732141148175
1293,27.3,6.3,27.3,3.5,457000000,9.8003958522537,357000000,58.7723573932897
1294,27.3,6.3,27.3,3.6,460000000,9.4437656799151,360000000,57.8230397381651
